Symbol,Name,Last Sale,Net Change,% Change,Market Cap,Country,IPO Year,Volume,Sector,Industry
AAPL,Apple Inc. Common Stock,$138.20,-4.28,-3.004%,2396020388000.0,United States,1980.0,124709673,Technology,Computer Manufacturing
MSFT,Microsoft Corporation Common Stock,$232.90,-4.6,-1.937%,1736943016989.0,United States,1986.0,35672169,Technology,Computer Software: Prepackaged Software
GOOG,Alphabet Inc. Class C Capital Stock,$96.15,-1.94,-1.978%,1254180600000.0,United States,2004.0,26248443,Technology,Internet and Information Services
GOOGL,Alphabet Inc. Class A Common Stock,$95.65,-1.77,-1.817%,1247658600000.0,United States,2004.0,32910316,Technology,Internet and Information Services
AMZN,Amazon.com Inc. Common Stock,$113.00,-1.8,-1.568%,1149988366600.0,United States,1997.0,59415410,Consumer Discretionary,Catalog/Specialty Distribution
TSLA,Tesla Inc. Common Stock,$265.25,-2.96,-1.104%,831152929436.0,United States,2010.0,67519107,Consumer Discretionary,Auto Manufacturing
BRK/A,Berkshire Hathaway Inc.,$406470.00,-230.0,-0.057%,597866154780.0,United States,,2737,,
BRK/B,Berkshire Hathaway Inc.,$267.02,-2.56,-0.95%,589129262284.0,United States,,6058115,,
UNH,UnitedHealth Group Incorporated Common Stock (DE),$505.04,-3.79,-0.745%,472405683858.0,United States,,3115030,Health Care,Medical Specialities
JNJ,Johnson & Johnson Common Stock,$163.36,-1.17,-0.711%,429502827647.0,United States,,8981210,Health Care,Biotechnology: Pharmaceutical Preparations
V,Visa Inc.,$177.65,-2.41,-1.338%,374381874327.0,United States,,9470738,Consumer Discretionary,Business Services
META,Meta Platforms Inc. Class A Common Stock,$135.68,-0.73,-0.535%,364646576681.0,United States,2012.0,33133698,Technology,Internet and Information Services
XOM,Exxon Mobil Corporation Common Stock,$87.31,-1.37,-1.545%,363876324916.0,United States,,21347646,Energy,Oil & Gas Production
TSM,Taiwan Semiconductor Manufacturing Company Ltd.,$68.56,-0.72,-1.039%,355557370560.0,Taiwan,1997.0,10468870,Technology,Semiconductors
WMT,Walmart Inc. Common Stock,$129.70,-2.55,-1.928%,352036660429.0,United States,,6531288,Consumer Discretionary,Department/Specialty Retail Stores
LLY,Eli Lilly and Company Common Stock,$323.35,-6.66,-2.018%,307239027077.0,United States,,4473144,Health Care,Biotechnology: Pharmaceutical Preparations
JPM,JP Morgan Chase & Co. Common Stock,$104.50,-1.66,-1.564%,306453814755.0,United States,,15965566,Finance,Major Banks
NVDA,NVIDIA Corporation Common Stock,$121.39,-0.81,-0.663%,302261100000.0,United States,1999.0,56487104,Technology,Semiconductors
PG,Procter & Gamble Company (The) Common Stock,$126.25,-2.45,-1.904%,301169307835.0,United States,,9431345,Consumer Discretionary,Package Goods/Cosmetics
HD,Home Depot Inc. (The) Common Stock,$275.94,-2.39,-0.859%,282487074681.0,United States,,4787849,Consumer Discretionary,RETAIL: Building Materials
CVX,Chevron Corporation Common Stock,$143.67,-1.1,-0.76%,281224659727.0,United States,,9398729,Energy,Integrated oil Companies
MA,Mastercard Incorporated Common Stock,$284.34,-2.43,-0.847%,274779372881.0,United States,2006.0,3803124,Consumer Discretionary,Business Services
PFE,Pfizer Inc. Common Stock,$43.76,-0.4,-0.906%,245596515162.0,United States,,22958999,Health Care,Biotechnology: Pharmaceutical Preparations
BAC,Bank of America Corporation Common Stock,$30.20,-0.46,-1.50%,242664218555.0,United States,,42271028,Finance,Major Banks
KO,Coca-Cola Company (The) Common Stock,$56.02,-0.55,-0.972%,242265726327.0,United States,,16121351,Consumer Staples,Beverages (Production/Distribution)
ABBV,AbbVie Inc. Common Stock,$134.21,-8.51,-5.963%,237296230594.0,United States,2012.0,15354546,Health Care,Other Pharmaceuticals
PEP,PepsiCo Inc. Common Stock,$163.26,-3.35,-2.011%,225312651631.0,United States,,5970938,Consumer Staples,Beverages (Production/Distribution)
NVO,Novo Nordisk A/S Common Stock,$99.63,-0.76,-0.757%,225072889817.0,Denmark,,1099312,Health Care,Biotechnology: Biological Products (No Diagnostic Substances)
MRK,Merck & Company Inc. Common Stock (new),$86.12,-0.52,-0.60%,218166060251.0,United States,,9035437,Health Care,Biotechnology: Pharmaceutical Preparations
BABA,Alibaba Group Holding Limited American Depositary Shares each representing eight Ordinary share,$79.99,0.93,1.176%,211776380323.0,China,2014.0,17100934,Consumer Discretionary,Business Services
COST,Costco Wholesale Corporation Common Stock,$472.27,-6.71,-1.401%,209056927280.0,United States,,2435424,Consumer Discretionary,Department/Specialty Retail Stores
TMO,Thermo Fisher Scientific Inc Common Stock,$507.19,-9.42,-1.823%,198711443637.0,United States,,1697183,Industrials,Biotechnology: Laboratory Analytical Instruments
DHR,Danaher Corporation Common Stock,$258.29,-3.86,-1.472%,187891860743.0,United States,,2667172,Health Care,Medical Specialities
AVGO,Broadcom Inc. Common Stock,$444.01,-6.12,-1.36%,179827506174.0,United States,2009.0,2719333,Technology,Semiconductors
SHEL,Royal Dutch Shell PLC American Depositary Shares (each representing two (2) Ordinary Shares) ,$49.76,-0.32,-0.639%,178635637375.0,Netherlands,2022.0,5161265,Energy,Oil & Gas Production
TM,Toyota Motor Corporation Common Stock,$130.29,-3.47,-2.594%,178335207644.0,Japan,,424755,Consumer Discretionary,Auto Manufacturing
DIS,Walt Disney Company (The) Common Stock,$94.33,-3.12,-3.202%,171969040104.0,United States,,12080711,Consumer Discretionary,Movies/Entertainment
AZN,AstraZeneca PLC American Depositary Shares,$54.84,-0.07,-0.127%,169948646588.0,United Kingdom,,7542347,Health Care,Biotechnology: Pharmaceutical Preparations
MCD,McDonald's Corporation Common Stock,$230.74,-3.66,-1.561%,169759403111.0,United States,,3628705,Consumer Discretionary,Restaurants
ABT,Abbott Laboratories Common Stock,$96.76,-1.53,-1.557%,169448022333.0,United States,,6728430,Health Care,Medical/Dental Instruments
TMUS,T-Mobile US Inc. Common Stock,$134.17,-0.47,-0.349%,168254712634.0,United States,,6200985,Telecommunications,Telecommunications Equipment
NVS,Novartis AG Common Stock,$76.01,-0.56,-0.731%,165913760574.0,Switzerland,,2258509,Health Care,Biotechnology: Pharmaceutical Preparations
ASML,ASML Holding N.V. New York Registry Shares,$415.35,-12.43,-2.906%,164977020000.0,Netherlands,1995.0,1084675,Technology,Industrial Machinery/Components
ORCL,Oracle Corporation Common Stock,$61.07,-0.33,-0.537%,164654876857.0,United States,1986.0,9792680,Technology,Computer Software: Prepackaged Software
CSCO,Cisco Systems Inc. Common Stock (DE),$40.00,-0.57,-1.405%,164353766680.0,United States,1990.0,27987917,Telecommunications,Computer Communications Equipment
ACN,Accenture plc Class A Ordinary Shares (Ireland),$257.30,-0.97,-0.376%,162754525526.0,Ireland,2001.0,2924371,Consumer Discretionary,Business Services
VZ,Verizon Communications Inc. Common Stock,$37.97,-0.67,-1.734%,159463166248.0,United States,,23505306,Telecommunications,Telecommunications Equipment
NEE,NextEra Energy Inc. Common Stock,$78.41,-1.56,-1.951%,154058335739.0,United States,,12853890,Utilities,Electric Utilities: Central
WFC,Wells Fargo & Company Common Stock,$40.22,-0.28,-0.691%,152556451252.0,United States,,21177621,Finance,Major Banks
BMY,Bristol-Myers Squibb Company Common Stock,$71.09,-0.62,-0.865%,151795289182.0,United States,,11346479,Health Care,Biotechnology: Pharmaceutical Preparations
CRM,Salesforce Inc. Common Stock,$143.84,-2.97,-2.023%,143840000000.0,United States,2004.0,7572305,Technology,Computer Software: Prepackaged Software
TXN,Texas Instruments Incorporated Common Stock,$154.78,-3.67,-2.316%,141423625955.0,United States,,6074716,Technology,Semiconductors
UPS,United Parcel Service Inc. Common Stock,$161.54,-3.78,-2.286%,140324634051.0,United States,1999.0,2823108,Consumer Discretionary,Air Freight/Delivery Services
SCHW,Charles Schwab Corporation (The) Common Stock,$71.87,-0.77,-1.06%,136343702055.0,United States,,7633009,Finance,Investment Bankers/Brokers/Service
MS,Morgan Stanley Common Stock,$79.01,-0.85,-1.064%,135646446516.0,United States,,8090582,Finance,Investment Bankers/Brokers/Service
LIN,Linde plc Ordinary Share,$269.59,-0.02,-0.007%,134354378869.0,,2018.0,2625105,Industrials,Major Chemicals
NKE,Nike Inc. Common Stock,$83.12,-12.21,-12.808%,130378366824.0,United States,,48145573,Consumer Discretionary,Shoe Manufacturing
COP,ConocoPhillips Common Stock,$102.34,-1.32,-1.273%,130282234574.0,United States,,7171475,Energy,Integrated oil Companies
CMCSA,Comcast Corporation Class A Common Stock,$29.33,-1.1,-3.615%,129440280952.0,United States,,31418615,Consumer Discretionary,Telecommunications Equipment
PM,Philip Morris International Inc Common Stock,$83.01,-3.08,-3.578%,128679057857.0,United States,,7257105,Health Care, Medicinal Chemicals and Botanical Products 
ADBE,Adobe Inc. Common Stock,$275.20,-3.05,-1.096%,128503615981.0,United States,1986.0,4576027,Technology,Computer Software: Prepackaged Software
QCOM,QUALCOMM Incorporated Common Stock,$112.98,-1.86,-1.62%,126876540000.0,United States,1991.0,7566101,Technology,Computer peripheral equipment
BHP,BHP Group Limited American Depositary Shares (Each representing two Ordinary Shares),$50.04,-0.38,-0.754%,126633029043.0,Australia,,3093573,Basic Materials,Metal Mining
RY,Royal Bank Of Canada Common Stock,$90.04,-0.8,-0.881%,125309775312.0,Canada,,912946,,
CVS,CVS Health Corporation Common Stock,$95.37,-1.61,-1.66%,125204483324.0,United States,,5393915,Health Care,Managed Health Care
UNP,Union Pacific Corporation Common Stock,$194.82,-4.38,-2.199%,121660919683.0,United States,,3267598,Industrials,Railroads
AMGN,Amgen Inc. Common Stock,$225.40,-3.01,-1.318%,120573413590.0,United States,1983.0,2543353,Health Care,Biotechnology: Pharmaceutical Preparations
RTX,Raytheon Technologies Corporation Common Stock,$81.86,-0.48,-0.583%,120478272536.0,United States,,6402327,Industrials,Military/Government/Technical
TTE,TotalEnergies SE,$46.52,-0.13,-0.279%,119261712919.0,France,,2469902,Energy,Oil & Gas Production
LOW,Lowe's Companies Inc. Common Stock,$187.81,-2.65,-1.391%,116573773488.0,United States,,5730284,Consumer Discretionary,RETAIL: Building Materials
HON,Honeywell International Inc. Common Stock,$166.97,-3.1,-1.823%,112486406169.0,United States,,3810182,Industrials,Aerospace
UL,Unilever PLC Common Stock,$43.84,-0.87,-1.946%,111531361818.0,United Kingdom,,3608094,Consumer Discretionary,Package Goods/Cosmetics
TD,Toronto Dominion Bank (The) Common Stock,$61.33,-0.64,-1.033%,111197423000.0,Canada,,1616714,,
T,AT&T Inc.,$15.34,-0.19,-1.223%,109312840000.0,United States,,63914143,Consumer Discretionary,Telecommunications Equipment
INTU,Intuit Inc. Common Stock,$387.32,-9.49,-2.392%,109173841534.0,United States,1993.0,2000994,Technology,Computer Software: Prepackaged Software
ELV,Elevance Health Inc. Common Stock,$454.24,-2.55,-0.558%,109017915243.0,United States,,1120545,Health Care,Medical Specialities
HDB,HDFC Bank Limited Common Stock,$58.42,1.57,2.762%,108465668727.0,India,2001.0,1983410,Finance,Commercial Banks
MDT,Medtronic plc. Ordinary Shares,$80.75,-1.52,-1.848%,107329128087.0,United States,,5972526,Health Care,Biotechnology: Electromedical & Electrotherapeutic Apparatus
IBM,International Business Machines Corporation Common Stock,$118.81,-2.82,-2.319%,107306857740.0,United States,,5345464,Technology,EDP Services
INTC,Intel Corporation Common Stock,$25.77,-0.61,-2.312%,105811620000.0,United States,,43682123,Technology,Semiconductors
NFLX,Netflix Inc. Common Stock,$235.44,-4.27,-1.781%,104701484345.0,United States,2002.0,11841794,Consumer Discretionary,Consumer Electronics/Video Chains
HSBC,HSBC Holdings plc. Common Stock,$26.07,0.04,0.154%,104113355398.0,United Kingdom,,3619592,Finance,Savings Institutions
EQNR,Equinor ASA,$33.11,0.07,0.212%,104072684678.0,Norway,,4483894,Energy,Integrated oil Companies
AMD,Advanced Micro Devices Inc. Common Stock,$63.36,-0.78,-1.216%,103109844816.0,United States,,81620065,Technology,Semiconductors
LMT,Lockheed Martin Corporation Common Stock,$386.29,-3.5,-0.898%,102425649905.0,United States,,1343446,Industrials,Aerospace
SPGI,S&P Global Inc. Common Stock,$305.35,-5.08,-1.636%,101834225000.0,United States,,2176200,Finance,Advertising
AXP,American Express Company Common Stock,$134.91,-2.88,-2.09%,101148474214.0,United States,,3716239,Finance,Finance: Consumer Services
DE,Deere & Company Common Stock,$333.89,-7.11,-2.085%,100774556261.0,United States,,1696094,Industrials,Industrial Machinery/Components
GS,Goldman Sachs Group Inc. (The) Common Stock,$293.05,-3.06,-1.033%,100034355287.0,United States,1999.0,1969910,Finance,Investment Bankers/Brokers/Service
AMT,American Tower Corporation (REIT) Common Stock,$214.70,0.98,0.459%,99961509148.0,United States,,2501738,Finance,Trusts Except Educational Religious and Charitable
PYPL,PayPal Holdings Inc. Common Stock,$86.07,-2.63,-2.965%,99537878475.0,United States,,10639308,Consumer Discretionary,Business Services
DEO,Diageo plc Common Stock,$169.81,-0.13,-0.076%,96702651976.0,United Kingdom,,388602,Consumer Staples,Beverages (Production/Distribution)
SBUX,Starbucks Corporation Common Stock,$84.26,-2.31,-2.668%,96679924000.0,United States,1992.0,7735289,Consumer Discretionary,Beverages - Non-Alcoholic
SNY,Sanofi ADS,$38.02,0.02,0.053%,95358123205.0,France,,2929355,Health Care,Biotechnology: Pharmaceutical Preparations
SAP,SAP  SE ADS,$81.25,0.77,0.957%,95030000000.0,Germany,,1390554,Technology,Computer Software: Prepackaged Software
ADP,Automatic Data Processing Inc. Common Stock,$226.19,-1.56,-0.685%,93934823290.0,United States,,2875269,Consumer Discretionary,Business Services
BUD,Anheuser-Busch Inbev SA Sponsored ADR (Belgium),$45.16,-0.28,-0.616%,89542552852.0,Belgium,,2661978,Consumer Staples,Beverages (Production/Distribution)
RIO,Rio Tinto Plc Common Stock,$55.06,-0.12,-0.217%,89229541914.0,Australia,2002.0,4688585,Basic Materials,Metal Mining
BP,BP p.l.c. Common Stock,$28.55,-0.2,-0.696%,88700909700.0,United Kingdom,,7810233,Energy,Integrated oil Companies
CAT,Caterpillar Inc. Common Stock,$164.08,-1.82,-1.097%,86619332183.0,United States,,2963096,Industrials,Construction/Ag Equipment/Trucks
CI,Cigna Corporation Common Stock,$277.47,-3.09,-1.101%,84660592569.0,United States,,2327188,Health Care,Medical Specialities
BLK,BlackRock Inc. Common Stock,$550.28,-13.64,-2.419%,82965021697.0,United States,1999.0,851286,Finance,Investment Bankers/Brokers/Service
C,Citigroup Inc. Common Stock,$41.67,-0.72,-1.699%,80702689990.0,United States,,22260590,Finance,Major Banks
PBR,Petroleo Brasileiro S.A.- Petrobras Common Stock,$12.34,0.2,1.647%,80482721774.0,Brazil,,36384238,Energy,Oil & Gas Production
BTI,British American Tobacco  Industries p.l.c. Common Stock ADR,$35.50,-0.48,-1.334%,79736342538.0,United Kingdom,1998.0,3051671,Health Care, Medicinal Chemicals and Botanical Products 
PDD,Pinduoduo Inc. American Depositary Shares,$62.58,1.81,2.978%,79125255166.0,China,2018.0,9529195,Consumer Discretionary,Catalog/Specialty Distribution
SONY,Sony Group Corporation American Depositary Shares ,$64.05,-1.02,-1.568%,79109065279.0,Japan,,924071,Consumer Staples,Consumer Electronics/Appliances
JD,JD.com Inc. American Depositary Shares,$50.30,-0.95,-1.854%,78543450000.0,China,2014.0,6552412,Consumer Discretionary,Catalog/Specialty Distribution
GILD,Gilead Sciences Inc. Common Stock,$61.69,-1.38,-2.188%,77320234536.0,United States,1992.0,8794727,Health Care,Biotechnology: Pharmaceutical Preparations
EL,Estee Lauder Companies Inc. (The) Common Stock,$215.90,-3.45,-1.573%,77055487240.0,United States,1995.0,1692423,Consumer Discretionary,Package Goods/Cosmetics
SYK,Stryker Corporation Common Stock,$202.54,-2.94,-1.431%,76625075793.0,United States,,1486028,Health Care,Medical/Dental Instruments
NOW,ServiceNow Inc. Common Stock,$377.61,-7.89,-2.047%,76277220000.0,United States,2012.0,1825398,Technology,Computer Software: Prepackaged Software
CB,Chubb Limited  Common Stock,$181.88,-1.9,-1.034%,76062039031.0,Switzerland,,1915930,Finance,Property-Casualty Insurers
PLD,Prologis Inc. Common Stock,$101.60,0.41,0.405%,75222404800.0,United States,,18071091,Real Estate,Real Estate Investment Trusts
MDLZ,Mondelez International Inc. Class A Common Stock,$54.83,-1.84,-3.247%,75148139976.0,United States,,14651511,Consumer Staples,Meat/Poultry/Fish
ENB,Enbridge Inc Common Stock,$37.10,-0.6,-1.592%,75119685442.0,Canada,,3494474,Energy,Oil & Gas Production
REGN,Regeneron Pharmaceuticals Inc. Common Stock,$688.87,-2.95,-0.426%,75092562776.0,United States,1991.0,800769,Health Care,Biotechnology: Pharmaceutical Preparations
MMC,Marsh & McLennan Companies Inc. Common Stock,$149.29,-1.36,-0.903%,74498346760.0,United States,,2357140,Finance,Specialty Insurers
VRTX,Vertex Pharmaceuticals Incorporated Common Stock,$289.54,-3.26,-1.113%,74255278418.0,United States,1991.0,1914275,Health Care,Biotechnology: Pharmaceutical Preparations
CNI,Canadian National Railway Company Common Stock,$107.99,-2.0,-1.818%,73658326213.0,Canada,,1176174,,
IBN,ICICI Bank Limited Common Stock,$20.97,0.26,1.255%,73048997705.0,India,,5163824,Finance,Commercial Banks
NOC,Northrop Grumman Corporation Common Stock,$470.32,-0.16,-0.034%,72763818146.0,United States,,1134505,Technology,Security Systems Services
MO,Altria Group Inc.,$40.38,-0.79,-1.919%,72717248206.0,United States,,9113812,Health Care, Medicinal Chemicals and Botanical Products 
SO,Southern Company (The) Common Stock,$68.00,-1.38,-1.989%,72284089760.0,United States,,7155818,Utilities,Power Generation
TJX,TJX Companies Inc. (The) Common Stock,$62.12,0.78,1.272%,72124609937.0,United States,,8322078,Consumer Discretionary,Department/Specialty Retail Stores
BA,Boeing Company (The) Common Stock,$121.08,-4.25,-3.391%,71898656343.0,United States,,8353714,Industrials,Aerospace
ADI,Analog Devices Inc. Common Stock,$139.34,-2.65,-1.866%,71668348930.0,United States,,3525922,Technology,Semiconductors
DUK,Duke Energy Corporation (Holding Company) Common Stock,$93.02,-2.08,-2.187%,71622490706.0,United States,,5163731,Utilities,Power Generation
INFY,Infosys Limited American Depositary Shares,$16.97,0.07,0.414%,71173908004.0,India,,6245782,Technology,EDP Services
AMAT,Applied Materials Inc. Common Stock,$81.93,-2.49,-2.95%,70485147258.0,United States,1972.0,9050002,Technology,Semiconductors
ZTS,Zoetis Inc. Class A Common Stock,$148.29,-2.66,-1.762%,69420268249.0,United States,2013.0,2437171,Health Care,Biotechnology: Pharmaceutical Preparations
TGT,Target Corporation Common Stock,$148.39,-3.4,-2.24%,68298371666.0,United States,,4327952,Consumer Discretionary,Department/Specialty Retail Stores
PGR,Progressive Corporation (The) Common Stock,$116.21,-2.18,-1.841%,67994471000.0,United States,,2814218,Finance,Property-Casualty Insurers
GE,General Electric Company Common Stock,$61.91,-0.82,-1.307%,67887602545.0,United States,,7916927,Consumer Discretionary,Metal Fabrications
BAM,Brookfield Asset Management Inc. Common Stock,$40.89,0.17,0.417%,67132369112.0,Canada,1925.0,2175615,Consumer Discretionary,Other Consumer Services
ISRG,Intuitive Surgical Inc. Common Stock,$187.44,-1.62,-0.857%,66936921828.0,United States,2000.0,2093986,Health Care,Medical/Dental Instruments
WM,Waste Management Inc. Common Stock,$160.21,-1.7,-1.05%,66220514900.0,United States,,1992826,Utilities,Environmental Services
EOG,EOG Resources Inc. Common Stock,$111.73,-1.24,-1.098%,65478754443.0,United States,,3328790,Energy,Oil & Gas Production
BKNG,Booking Holdings Inc. Common Stock,$1643.21,-35.71,-2.127%,65245703776.0,United States,,498431,Consumer Discretionary,Other Consumer Services
CME,CME Group Inc. Class A Common Stock,$177.13,-1.54,-0.862%,63666975732.0,United States,2002.0,1641606,Finance,Investment Bankers/Brokers/Service
BDX,Becton Dickinson and Company Common Stock,$222.83,-3.29,-1.455%,63550026807.0,United States,,1619755,Health Care,Medical/Dental Instruments
VALE,VALE S.A.  American Depositary Shares Each Representing one common share,$13.32,0.66,5.213%,63372385912.0,Brazil,,54425720,Basic Materials,Metal Mining
ABNB,Airbnb Inc. Class A Common Stock,$105.04,-1.62,-1.519%,62645751695.0,United States,2020.0,4747846,Consumer Discretionary,Hotels/Resorts
CCI,Crown Castle Inc. Common Stock,$144.55,0.3,0.208%,62595825611.0,United States,,2517925,Real Estate,Real Estate Investment Trusts
CHTR,Charter Communications Inc. Class A Common Stock New,$303.35,-9.24,-2.956%,62156165343.0,United States,,2251940,Consumer Discretionary,Telecommunications Equipment
CP,Canadian Pacific Railway Limited Common Stock,$66.72,-1.9,-2.769%,62044083924.0,Canada,,2671054,,
BX,Blackstone Inc. Common Stock,$83.70,-0.76,-0.90%,61719069928.0,United States,2007.0,4827764,Finance,Investment Managers
HUM,Humana Inc. Common Stock,$485.19,-5.87,-1.195%,61402588733.0,United States,,1611469,Health Care,Medical Specialities
PNC,PNC Financial Services Group Inc. (The) Common Stock,$149.42,-1.31,-0.869%,61280728678.0,United States,,2140644,Finance,Major Banks
MMM,3M Company Common Stock,$110.50,-1.8,-1.603%,61174390316.0,United States,,3112465,Industrials,Consumer Electronics/Appliances
USB,U.S. Bancorp Common Stock,$40.32,-0.41,-1.007%,59906812009.0,United States,,9457895,Finance,Major Banks
GSK,GSK plc American Depositary Shares (Each representing two Ordinary Shares),$29.43,0.07,0.238%,59851336071.0,United Kingdom,2022.0,6652081,Health Care,Biotechnology: Pharmaceutical Preparations
FISV,Fiserv Inc. Common Stock,$93.57,-1.28,-1.349%,59845907442.0,United States,1986.0,3934415,Consumer Discretionary,Business Services
BMO,Bank Of Montreal Common Stock,$87.64,-0.86,-0.972%,59101040633.0,Canada,,885204,,
CL,Colgate-Palmolive Company Common Stock,$70.25,-1.52,-2.118%,58596942083.0,United States,,7509972,Consumer Discretionary,Package Goods/Cosmetics
GD,General Dynamics Corporation Common Stock,$212.17,-2.26,-1.054%,58186820497.0,United States,,1208631,Industrials,Aerospace
ATVI,Activision Blizzard Inc. Common Stock,$74.34,-0.53,-0.708%,58156672049.0,United States,,9497461,Consumer Discretionary,Recreational Games/Products/Toys
TFC,Truist Financial Corporation Common Stock,$43.54,-0.43,-0.978%,57751169812.0,United States,,6455407,Finance,Major Banks
D,Dominion Energy Inc. Common Stock,$69.11,-1.95,-2.744%,57534268301.0,United States,,5926815,Utilities,Electric Utilities: Central
OXY,Occidental Petroleum Corporation Common Stock,$61.45,-0.66,-1.063%,57240180143.0,United States,,19471286,Energy,Oil & Gas Production
CSX,CSX Corporation Common Stock,$26.64,-0.55,-2.023%,57042663863.0,United States,,24138652,Industrials,Railroads
BNS,Bank Nova Scotia Halifax Pfd 3 Ordinary Shares,$47.57,-0.68,-1.409%,56671440945.0,Canada,,4561575,,
AON,Aon plc Class A Ordinary Shares (Ireland),$267.87,-3.08,-1.137%,56500628954.0,United States,,789743,Finance,Specialty Insurers
ITW,Illinois Tool Works Inc. Common Stock,$180.65,-3.23,-1.757%,55933161731.0,United States,,1450847,Industrials,Industrial Machinery/Components
MUFG,Mitsubishi UFJ Financial Group Inc. Common Stock,$4.50,-0.09,-1.961%,55719769167.0,Japan,,3956661,Finance,Commercial Banks
BSX,Boston Scientific Corporation Common Stock,$38.73,-0.61,-1.551%,55446422342.0,United States,,10030384,Health Care,Medical/Dental Instruments
MU,Micron Technology Inc. Common Stock,$50.10,0.09,0.18%,55267569911.0,United States,,38909186,Technology,Semiconductors
SNOW,Snowflake Inc. Class A Common Stock,$169.96,-0.38,-0.223%,54387200000.0,United States,2020.0,5490935,Technology,Computer Software: Prepackaged Software
DG,Dollar General Corporation Common Stock,$239.86,0.39,0.163%,54105634918.0,United States,2009.0,2239013,Consumer Discretionary,Department/Specialty Retail Stores
CNQ,Canadian Natural Resources Limited Common Stock,$46.57,-0.16,-0.342%,53757520660.0,Canada,,2080973,,
TEAM,Atlassian Corporation Plc Class A Ordinary Shares,$210.59,-1.74,-0.819%,53688199769.0,United Kingdom,2015.0,1403253,Technology,Computer Software: Prepackaged Software
ETN,Eaton Corporation PLC Ordinary Shares,$133.36,-0.79,-0.589%,53117288000.0,Ireland,,2739785,Industrials,Industrial Machinery/Components
SHW,Sherwin-Williams Company (The) Common Stock,$204.75,-3.09,-1.487%,53067730102.0,United States,,1512173,Consumer Discretionary,Paints/Coatings
HCA,HCA Healthcare Inc. Common Stock,$183.79,-3.89,-2.073%,52752287992.0,United States,2011.0,1330068,Health Care,Hospital/Nursing Management
UBER,Uber Technologies Inc. Common Stock,$26.50,0.08,0.303%,52467831611.0,,2019.0,23882387,Technology,EDP Services
AMX,America Movil S.A.B. de C.V. American Depository Receipt Series L,$16.47,-0.52,-3.061%,52396617557.0,Mexico,,1420375,Telecommunications,Telecommunications Equipment
AMOV,America Movil S.A.B. de C.V. Class A American Depositary Shares,$16.37,-0.62,-3.649%,52078483874.0,Mexico,,4043,Telecommunications,Telecommunications Equipment
EPD,Enterprise Products Partners L.P. Common Stock,$23.78,-0.06,-0.252%,51822550256.0,United States,,5234643,Utilities,Natural Gas Distribution
EQIX,Equinix Inc. Common Stock REIT,$568.84,7.45,1.327%,51807208235.0,United States,2000.0,602461,Real Estate,Real Estate Investment Trusts
PXD,Pioneer Natural Resources Company Common Stock,$216.53,0.03,0.014%,51678555550.0,United States,,2598280,Energy,Oil & Gas Production
APD,Air Products and Chemicals Inc. Common Stock,$232.73,0.97,0.419%,51619277081.0,United States,,1520605,Industrials,Specialty Chemicals
PSA,Public Storage Common Stock,$292.81,5.32,1.85%,51400414955.0,United States,,1124064,Real Estate,Real Estate Investment Trusts
EW,Edwards Lifesciences Corporation Common Stock,$82.63,-1.2,-1.431%,51225895709.0,United States,,2726036,Health Care,Industrial Specialties
UBS,UBS Group AG Registered Ordinary Shares,$14.51,-0.16,-1.091%,51142464326.0,Switzerland,2014.0,3179988,Finance,Major Banks
SLB,Schlumberger N.V. Common Stock,$35.90,-0.07,-0.195%,50776538678.0,France,,15329067,Energy,Oilfield Services/Equipment
KDP,Keurig Dr Pepper Inc. Common Stock,$35.82,-0.3,-0.831%,50725119625.0,United States,,8143031,Consumer Staples,Beverages (Production/Distribution)
ITUB,Itau Unibanco Banco Holding SA American Depositary Shares (Each repstg 500 Preferred shares),$5.17,-0.03,-0.577%,50670450631.0,Brazil,,40633499,Finance,Major Banks
ICE,Intercontinental Exchange Inc. Common Stock,$90.35,-0.4,-0.441%,50456700629.0,United States,2005.0,3007221,Finance,Investment Bankers/Brokers/Service
LRCX,Lam Research Corporation Common Stock,$366.00,-4.55,-1.228%,50137531872.0,United States,1984.0,1909085,Technology,Industrial Machinery/Components
NTES,NetEase Inc. American Depositary Shares,$75.60,0.42,0.559%,49653940442.0,China,,1217914,Consumer Discretionary,Recreational Games/Products/Toys
MPC,Marathon Petroleum Corporation Common Stock,$99.33,0.63,0.638%,49528327383.0,United States,,5011171,Energy,Integrated oil Companies
TRI,Thomson Reuters Corp Ordinary Shares,$102.62,-1.11,-1.07%,49471992473.0,United States,,468909,,
NSC,Norfolk Southern Corporation Common Stock,$209.65,-4.9,-2.284%,49241260932.0,United States,,1246322,Industrials,Railroads
ABB,ABB Ltd Common Stock,$25.66,-0.29,-1.118%,49169783735.0,Switzerland,,2902630,Energy,Electrical Products
PANW,Palo Alto Networks Inc. Common Stock,$163.79,-1.79,-1.081%,49008229612.0,United States,,3155423,Technology,EDP Services
MCK,McKesson Corporation Common Stock,$339.87,-2.13,-0.623%,48849669741.0,United States,,859313,Health Care,Other Pharmaceuticals
MET,MetLife Inc. Common Stock,$60.78,-0.29,-0.475%,48478998309.0,United States,2000.0,5510344,Finance,Life Insurance
SRE,DBA Sempra Common Stock,$149.94,-1.54,-1.017%,47127691030.0,United States,,2167127,Utilities,Oil/Gas Transmission
GM,General Motors Company Common Stock,$32.09,-1.17,-3.518%,46788791062.0,United States,2010.0,16150746,Consumer Discretionary,Auto Manufacturing
SNPS,Synopsys Inc. Common Stock,$305.51,-3.71,-1.20%,46715944705.0,United States,1992.0,1312365,Technology,EDP Services
RELX,RELX PLC PLC American Depositary Shares (Each representing One Ordinary Share),$24.31,0.15,0.621%,46633357847.0,United Kingdom,2015.0,1647694,Consumer Discretionary,Business Services
MRNA,Moderna Inc. Common Stock,$118.25,0.18,0.152%,46259346078.0,United States,2018.0,3854186,Health Care,Biotechnology: Biological Products (No Diagnostic Substances)
FIS,Fidelity National Information Services Inc. Common Stock,$75.57,-1.0,-1.306%,45944939477.0,United States,,4351456,Consumer Discretionary,Business Services
MNST,Monster Beverage Corporation,$86.96,-1.05,-1.193%,45817962645.0,United States,,2960797,Consumer Staples,Beverages (Production/Distribution)
MAR,Marriott International Class A Common Stock,$140.14,-0.37,-0.263%,45482627310.0,United States,,2100789,Consumer Discretionary,Hotels/Resorts
GIS,General Mills Inc. Common Stock,$76.61,-1.1,-1.416%,45470766147.0,United States,,4100748,Consumer Staples,Food Chains
HSY,The Hershey Company Common Stock,$220.47,-3.33,-1.488%,45192696592.0,United States,,1252994,Consumer Staples,Specialty Foods
ADM,Archer-Daniels-Midland Company Common Stock,$80.45,-0.16,-0.198%,45097178226.0,United States,,2436150,,
VMW,Vmware Inc. Common stock Class A,$106.46,-1.02,-0.949%,45035225957.0,United States,2007.0,1034469,Technology,Computer Software: Prepackaged Software
F,Ford Motor Company Common Stock,$11.20,-0.27,-2.354%,45026660202.0,United States,,71557328,Consumer Discretionary,Auto Manufacturing
NTR,Nutrien Ltd. Common Shares,$83.38,-0.2,-0.239%,44935650380.0,,2018.0,2151331,Industrials,Agricultural Chemicals
CDNS,Cadence Design Systems Inc. Common Stock,$163.43,-1.26,-0.765%,44758574100.0,United States,,2156755,Technology,Computer Software: Prepackaged Software
MCO,Moody's Corporation Common Stock,$243.11,-3.45,-1.399%,44610685000.0,United States,,985316,Finance,Advertising
ABEV,Ambev S.A. American Depositary Shares (Each representing 1 Common Share),$2.83,-0.03,-1.049%,44548765880.0,,2013.0,28473121,Consumer Staples,Beverages (Production/Distribution)
ORLY,O'Reilly Automotive Inc. Common Stock,$703.35,-8.41,-1.182%,44534921382.0,United States,1993.0,517195,Consumer Discretionary,Auto & Home Supply Stores
CNC,Centene Corporation Common Stock,$77.81,0.13,0.167%,44474705394.0,United States,,4697830,Health Care,Medical Specialities
AEP,American Electric Power Company Inc. Common Stock,$86.45,-2.62,-2.942%,44412302917.0,United States,,5124814,Utilities,Electric Utilities: Central
EMR,Emerson Electric Company Common Stock,$73.22,-0.98,-1.321%,43294986000.0,United States,,2768012,Industrials,Industrial Machinery/Components
RSG,Republic Services Inc. Common Stock,$136.04,-1.41,-1.026%,42979567356.0,United States,1998.0,1619174,Utilities,Environmental Services
KLAC,KLA Corporation Common Stock,$302.63,-8.08,-2.60%,42915299356.0,United States,1980.0,1631360,Technology,Electronic Components
STZ,Constellation Brands Inc. Common Stock,$229.68,-3.99,-1.708%,42358991471.0,United States,,838526,Consumer Staples,Beverages (Production/Distribution)
VLO,Valero Energy Corporation Common Stock,$106.85,-0.39,-0.364%,42095731043.0,United States,,3718006,Energy,Integrated oil Companies
BSBR,Banco Santander Brasil SA American Depositary Shares each representing one unit,$5.64,0.03,0.535%,42063525245.0,Brazil,2009.0,1873821,Finance,Commercial Banks
CMG,Chipotle Mexican Grill Inc. Common Stock,$1502.76,-40.59,-2.63%,41723600926.0,United States,2006.0,283675,Consumer Discretionary,Restaurants
MELI,MercadoLibre Inc. Common Stock,$827.78,-1.9,-0.229%,41669017280.0,Argentina,2007.0,627681,Consumer Discretionary,Catalog/Specialty Distribution
LNG,Cheniere Energy Inc. Common Stock,$165.91,1.6,0.974%,41441453066.0,United States,2001.0,4114145,Utilities,Oil/Gas Transmission
ECL,Ecolab Inc. Common Stock,$144.42,-1.5,-1.028%,41158141419.0,United States,,1307208,Consumer Discretionary,Package Goods/Cosmetics
CTVA,Corteva Inc. Common Stock ,$57.15,-0.06,-0.105%,41067990000.0,,2019.0,3688245,Industrials,Major Chemicals
AZO,AutoZone Inc. Common Stock,$2141.93,-17.09,-0.792%,40966553180.0,United States,,171262,,
AIG,American International Group Inc. New Common Stock,$47.48,-0.18,-0.378%,40905241850.0,United States,,5209226,Finance,Life Insurance
KHC,The Kraft Heinz Company Common Stock,$33.35,-0.21,-0.626%,40868415562.0,United States,,8922580,Consumer Staples,Farming/Seeds/Milling
TRP,TC Energy Corporation Common Stock,$40.29,-0.94,-2.28%,40770947089.0,Canada,,1898469,,
BIDU,Baidu Inc. ADS,$117.49,-0.23,-0.195%,40598729772.0,China,2005.0,2701632,Technology,Computer Software: Programming Data Processing
PAYX,Paychex Inc. Common Stock,$112.21,-1.18,-1.041%,40427762079.0,United States,1983.0,2524366,Consumer Discretionary,Business Services
ADSK,Autodesk Inc. Common Stock,$186.80,-2.66,-1.404%,40322470166.0,United States,,1341032,Technology,Computer Software: Prepackaged Software
TAK,Takeda Pharmaceutical Company Limited American Depositary Shares (each representing 1/2 of a share of Common Stock),$12.97,0.0,0.00%,40105835245.0,,2018.0,2870541,Health Care,Biotechnology: Pharmaceutical Preparations
APH,Amphenol Corporation Common Stock,$66.96,-0.96,-1.413%,39829692723.0,United States,,2333082,Technology,Electrical Products
LHX,L3Harris Technologies Inc. Common Stock,$207.83,-1.52,-0.726%,39768926619.0,United States,,1070467,Industrials,Industrial Machinery/Components
CTAS,Cintas Corporation Common Stock,$388.19,-1.36,-0.349%,39612550808.0,United States,1983.0,557594,Consumer Discretionary,Business Services
CM,Canadian Imperial Bank of Commerce Common Stock,$43.76,-0.39,-0.883%,39589285730.0,Canada,,2189099,,
DVN,Devon Energy Corporation Common Stock,$60.13,-0.84,-1.378%,39373124000.0,United States,1985.0,9682680,Energy,Oil & Gas Production
BBD,Banco Bradesco Sa American Depositary Shares,$3.68,-0.02,-0.541%,39223235943.0,Brazil,,23880666,Finance,Commercial Banks
FCX,Freeport-McMoRan Inc. Common Stock,$27.33,-0.84,-2.982%,39061957682.0,United States,,16107881,Basic Materials,Metal Mining
WDAY,Workday Inc. Class A Common Stock,$152.22,-4.04,-2.585%,38968320000.0,United States,,1878131,Technology,Computer Software: Prepackaged Software
SAN,Banco Santander S.A. Sponsored ADR (Spain),$2.32,0.01,0.433%,38963011675.0,Spain,,7434141,Finance,Commercial Banks
PSX,Phillips 66 Common Stock,$80.72,0.09,0.112%,38830444550.0,United States,,3259463,Energy,Integrated oil Companies
BIIB,Biogen Inc. Common Stock,$267.00,2.72,1.029%,38745183549.0,United States,,3748957,Health Care,Biotechnology: Pharmaceutical Preparations
NXPI,NXP Semiconductors N.V. Common Stock,$147.51,-3.5,-2.318%,38735900457.0,Netherlands,2010.0,2112762,Technology,Semiconductors
FTNT,Fortinet Inc. Common Stock,$49.13,-0.5,-1.007%,38735648438.0,United States,2009.0,4726806,Technology,Security Systems Services
FDX,FedEx Corporation Common Stock,$148.47,-3.84,-2.521%,38634832518.0,United States,,3640987,Consumer Discretionary,Air Freight/Delivery Services
CRWD,CrowdStrike Holdings Inc. Class A Common Stock,$164.81,-0.89,-0.537%,38463440864.0,United States,2019.0,2596511,Technology,EDP Services
SU,Suncor Energy  Inc. Common Stock,$28.15,-0.17,-0.60%,38416041516.0,Canada,,4356045,,
WDS,Woodside Energy Group Limited American Depositary Shares each representing one Ordinary Share,$20.16,-0.49,-2.373%,38278795383.0,,2022.0,498104,,
BCE,BCE Inc. Common Stock,$41.94,-0.92,-2.147%,38246510828.0,Canada,,1960482,,
ROP,Roper Technologies Inc. Common Stock,$359.64,-7.11,-1.939%,38125307649.0,United States,1992.0,663410,Industrials,Office Equipment/Supplies/Services
STLA,Stellantis N.V. Common Shares,$11.84,-0.14,-1.169%,38044021446.0,United Kingdom,2014.0,11056998,Consumer Discretionary,Auto Manufacturing
KMB,Kimberly-Clark Corporation Common Stock,$112.54,-2.44,-2.122%,37996012292.0,United States,,2293497,Consumer Discretionary,Paper
NGG,National Grid Transco PLC National Grid PLC (NEW) American Depositary Shares,$51.53,-0.21,-0.406%,37720842503.0,United Kingdom,,810187,Utilities,Natural Gas Distribution
SMFG,Sumitomo Mitsui Financial Group Inc Unsponsored American Depositary Shares (Japan),$5.50,-0.16,-2.827%,37708729878.0,Japan,,3424712,Finance,Commercial Banks
KMI,Kinder Morgan Inc. Common Stock,$16.64,-0.08,-0.478%,37665233798.0,United States,2011.0,30534799,Utilities,Natural Gas Distribution
ENPH,Enphase Energy Inc. Common Stock,$277.47,-0.37,-0.133%,37585330094.0,United States,2012.0,3134129,Technology,Electrical Products
MSI,Motorola Solutions Inc. Common Stock,$223.97,-1.33,-0.59%,37377261894.0,United States,,1074845,Technology,Radio And Television Broadcasting And Communications Equipment
E,ENI S.p.A. Common Stock,$21.14,-0.1,-0.471%,37240708339.0,Italy,,329294,Energy,Oil & Gas Production
EXC,Exelon Corporation Common Stock,$37.46,-0.29,-0.768%,37215290153.0,United States,,9616942,Utilities,Power Generation
KKR,KKR & Co. Inc. Common Stock,$43.00,-0.3,-0.693%,36972838092.0,United States,,4107129,Finance,Investment Managers
HMC,Honda Motor Company Ltd. Common Stock,$21.59,-0.6,-2.704%,36871625068.0,Japan,,1739331,Consumer Discretionary,Auto Manufacturing
MRVL,Marvell Technology Inc. Common Stock,$42.91,0.04,0.093%,36585066000.0,Bermuda,2000.0,11120952,Technology,Semiconductors
TRV,The Travelers Companies Inc. Common Stock,$153.20,-1.48,-0.957%,36356369831.0,United States,,1400202,Finance,Property-Casualty Insurers
AJG,Arthur J. Gallagher & Co. Common Stock,$171.22,0.08,0.047%,36013729920.0,United States,,1835318,Finance,Specialty Insurers
A,Agilent Technologies Inc. Common Stock,$121.55,-1.19,-0.97%,35983731284.0,United States,1999.0,1624248,Industrials,Electrical Products
O,Realty Income Corporation Common Stock,$58.20,0.25,0.431%,35943007881.0,United States,,5620224,Real Estate,Real Estate Investment Trusts
SYY,Sysco Corporation Common Stock,$70.71,-0.77,-1.077%,35787062354.0,United States,,3073931,Consumer Discretionary,Food Distributors
LULU,lululemon athletica inc. Common Stock,$279.56,-20.66,-6.882%,35645679120.0,Canada,2007.0,3839649,Consumer Discretionary,Department/Specialty Retail Stores
AFL,AFLAC Incorporated Common Stock,$56.20,-0.38,-0.672%,35513706064.0,United States,,2931900,Finance,Accident &Health Insurance
COF,Capital One Financial Corporation Common Stock,$92.17,-1.51,-1.612%,35376479345.0,United States,1994.0,2396429,Finance,Finance Companies
TEL,TE Connectivity Ltd. New Switzerland Registered Shares,$110.36,-2.18,-1.937%,35297428508.0,Switzerland,,1773612,Technology,Industrial Machinery/Components
XEL,Xcel Energy Inc. Common Stock,$64.00,-1.36,-2.081%,35007445120.0,United States,,6182166,Utilities,Power Generation
WMB,Williams Companies Inc. (The) Common Stock,$28.63,-0.33,-1.14%,34886517393.0,United States,,10985631,Utilities,Natural Gas Distribution
WCN,Waste Connections Inc. Common Shares,$135.13,-1.9,-1.387%,34752912582.0,Canada,,1254966,Utilities,Power Generation
SCCO,Southern Copper Corporation Common Stock,$44.84,0.04,0.089%,34665466310.0,United States,,1395360,Basic Materials,Metal Mining
ANET,Arista Networks Inc. Common Stock,$112.89,-1.86,-1.621%,34350220904.0,,2014.0,1468958,Technology,Computer peripheral equipment
SHOP,Shopify Inc. Class A Subordinate Voting Shares,$26.94,0.17,0.635%,34170275547.0,Canada,2015.0,24766695,,
ET,Energy Transfer LP Common Units ,$11.03,0.06,0.547%,34049289556.0,United States,,18927069,Utilities,Natural Gas Distribution
MSCI,MSCI Inc Common Stock,$421.79,-1.43,-0.338%,33955335063.0,United States,,501784,Finance,Advertising
JCI,Johnson Controls International plc Ordinary Share,$49.22,-0.25,-0.505%,33903242818.0,Switzerland,,4424727,Industrials,Industrial Machinery/Components
RACE,Ferrari N.V. Common Shares,$185.00,-1.42,-0.762%,33802743050.0,,2015.0,282575,Consumer Discretionary,Auto Manufacturing
IQV,IQVIA Holdings Inc. Common Stock,$181.14,-0.47,-0.259%,33784046440.0,United States,2013.0,2043323,Health Care,Managed Health Care
HES,Hess Corporation Common Stock,$108.99,-0.15,-0.137%,33744928605.0,United States,,2465541,Energy,Oil & Gas Production
MCHP,Microchip Technology Incorporated Common Stock,$61.03,-0.96,-1.549%,33718110238.0,United States,1993.0,4279206,Technology,Semiconductors
ALL,Allstate Corporation (The) Common Stock,$124.53,-1.6,-1.269%,33659909574.0,United States,,2601435,Finance,Property-Casualty Insurers
TT,Trane Technologies plc,$144.81,-1.15,-0.788%,33554991336.0,Ireland,,1174940,Industrials,Auto Parts:O.E.M.
TWTR,Twitter Inc. Common Stock,$43.84,1.1,2.574%,33548391304.0,,2013.0,25866270,Technology,EDP Services
NEM,Newmont Corporation,$42.03,0.27,0.647%,33358390785.0,United States,,12612674,Basic Materials,Precious Metals
HLT,Hilton Worldwide Holdings Inc. Common Stock ,$120.62,-1.24,-1.018%,33084545102.0,,2016.0,1834659,Consumer Discretionary,Hotels/Resorts
BNTX,BioNTech SE American Depositary Share,$134.88,1.28,0.958%,32733406887.0,Germany,2019.0,735083,Health Care,Biotechnology: Biological Products (No Diagnostic Substances)
SQ,Block Inc. Class A Common Stock,$54.99,-0.91,-1.628%,32454748704.0,United States,2015.0,13382933,Technology,Computer Software: Prepackaged Software
EA,Electronic Arts Inc. Common Stock,$115.71,-1.76,-1.498%,32172624556.0,United States,,2189244,Consumer Discretionary,Recreational Games/Products/Toys
BBDO,Banco Bradesco Sa American Depositary Shares (each representing one Common Share),$3.01,0.07,2.381%,32082048964.0,Brazil,,14754,Finance,Commercial Banks
ING,ING Group N.V. Common Stock,$8.50,0.11,1.311%,32021933593.0,Netherlands,1997.0,4725605,Finance,Commercial Banks
RMD,ResMed Inc. Common Stock,$218.30,-0.16,-0.073%,31964573352.0,United States,,521200,Health Care,Medical/Dental Instruments
PRU,Prudential Financial Inc. Common Stock,$85.78,-0.52,-0.603%,31910160000.0,United States,2001.0,2553220,Finance,Life Insurance
DOW,Dow Inc. Common Stock ,$43.93,-0.23,-0.521%,31549097265.0,,2019.0,5868813,Industrials,Industrial Specialties
SE,Sea Limited American Depositary Shares each representing one Class A Ordinary Share,$56.05,2.42,4.512%,31485412658.0,United States,2017.0,6577964,Technology,Computer Software: Prepackaged Software
VOD,Vodafone Group Plc American Depositary Shares,$11.33,-0.01,-0.088%,31387069593.0,United Kingdom,,6713394,Telecommunications,Telecommunications Equipment
DXCM,DexCom Inc. Common Stock,$80.54,-1.56,-1.90%,31376916239.0,United States,2005.0,2032102,Health Care,Medical Specialities
KR,Kroger Company (The) Common Stock,$43.75,-0.93,-2.081%,31316526456.0,United States,,5625010,Consumer Staples,Food Chains
BK,The Bank of New York Mellon Corporation Common Stock,$38.52,-0.36,-0.926%,31128136150.0,United States,,4490151,Finance,Investment Managers
PH,Parker-Hannifin Corporation Common Stock,$242.31,-3.25,-1.324%,31127341537.0,United States,,902103,Industrials,Office Equipment/Supplies/Services
ALB,Albemarle Corporation Common Stock,$264.44,-1.0,-0.377%,30973530088.0,United States,,1077779,Industrials,Industrial Specialties
MTB,M&T Bank Corporation Common Stock,$176.32,1.48,0.846%,30964261538.0,United States,,952560,Finance,Major Banks
PCG,Pacific Gas & Electric Co. Common Stock,$12.50,0.12,0.969%,30817647625.0,United States,,353646350,Utilities,Power Generation
SBAC,SBA Communications Corporation Class A Common Stock,$284.65,2.38,0.843%,30707570335.0,United States,1999.0,1038648,Real Estate,Real Estate Investment Trusts
DLTR,Dollar Tree Inc. Common Stock,$136.10,-0.74,-0.541%,30477820937.0,United States,1995.0,2790343,Consumer Discretionary,Department/Specialty Retail Stores
LYG,Lloyds Banking Group Plc American Depositary Shares,$1.79,-0.02,-1.105%,30417488892.0,United Kingdom,,22843220,Finance,Commercial Banks
ED,Consolidated Edison Inc. Common Stock,$85.76,-1.9,-2.167%,30408959695.0,United States,,3118346,Utilities,Power Generation
MPLX,MPLX LP Common Units Representing Limited Partner Interests,$30.01,0.29,0.976%,30376269049.0,United States,2012.0,1585048,Energy,Oil & Gas Production
YUM,Yum! Brands Inc.,$106.34,-0.87,-0.811%,30258246685.0,United States,,1797377,Consumer Discretionary,Restaurants
RIVN,Rivian Automotive Inc. Class A Common Stock,$32.91,0.6,1.857%,30151842519.0,United States,2021.0,12367903,Consumer Discretionary,Auto Manufacturing
ILMN,Illumina Inc. Common Stock,$190.79,-3.02,-1.558%,30011267000.0,United States,2000.0,2784294,Health Care,Medical Specialities
GPN,Global Payments Inc. Common Stock,$108.05,-1.49,-1.36%,29947450048.0,United States,,1749162,Consumer Discretionary,Business Services
CARR,Carrier Global Corporation Common Stock ,$35.56,-0.06,-0.168%,29926707695.0,,2020.0,4559189,Consumer Discretionary,Wholesale Distributors
WELL,Welltower Inc. Common Stock,$64.32,0.99,1.563%,29803932865.0,United States,,3208545,Real Estate,Real Estate Investment Trusts
MFC,Manulife Financial Corporation Common Stock,$15.67,-0.06,-0.381%,29747906187.0,Canada,,4609338,Consumer Discretionary,Advertising
CTSH,Cognizant Technology Solutions Corporation Class A Common Stock,$57.44,-1.01,-1.728%,29741566207.0,United States,1998.0,3851483,Technology,EDP Services
CVE,Cenovus Energy Inc Common Stock,$15.37,-0.22,-1.411%,29679470000.0,Canada,,7918995,,
CPNG,Coupang Inc. Class A Common Stock,$16.67,0.37,2.27%,29450603960.0,,2021.0,3836854,Consumer Discretionary,Durable Goods
SPG,Simon Property Group Inc. Common Stock,$89.75,0.62,0.696%,29380534601.0,United States,,2999232,Real Estate,Real Estate Investment Trusts
ROST,Ross Stores Inc. Common Stock,$84.27,0.24,0.286%,29246982409.0,United States,1985.0,3720949,Consumer Discretionary,Clothing/Shoe/Accessory Stores
TTD,The Trade Desk Inc. Class A Common Stock,$59.75,-1.05,-1.727%,29173271861.0,United States,2016.0,10172740,Technology,EDP Services
PCAR,PACCAR Inc. Common Stock,$83.69,-1.18,-1.39%,29100581518.0,United States,,2107827,Industrials,Construction/Ag Equipment/Trucks
VICI,VICI Properties Inc. Common Stock,$29.85,0.46,1.565%,28745613073.0,,2018.0,8549809,Real Estate,Real Estate Investment Trusts
CMI,Cummins Inc. Common Stock,$203.51,-1.08,-0.528%,28693347654.0,United States,,978362,Industrials,Construction/Ag Equipment/Trucks
LVS,Las Vegas Sands Corp. Common Stock,$37.52,-1.01,-2.621%,28671136159.0,United States,2004.0,7166267,Consumer Discretionary,Hotels/Resorts
TLK,PT Telekomunikasi Indonesia Tbk,$28.85,0.0,0.00%,28579449460.0,Indonesia,,268784,Telecommunications,Telecommunications Equipment
ALC,Alcon Inc. Ordinary Shares,$58.18,1.22,2.142%,28513260555.0,Switzerland,2019.0,1374150,Health Care,Ophthalmic Goods
DLR,Digital Realty Trust Inc. Common Stock,$99.18,2.27,2.342%,28505109770.0,United States,2004.0,3052954,Real Estate,Real Estate Investment Trusts
TDG,Transdigm Group Incorporated Common Stock,$524.82,-5.58,-1.052%,28463432162.0,United States,2006.0,339990,Industrials,Military/Government/Technical
BBVA,Banco Bilbao Vizcaya Argentaria S.A. Common Stock,$4.45,0.0,0.00%,28420672022.0,Spain,,2399702,Finance,Commercial Banks
CSGP,CoStar Group Inc. Common Stock,$69.65,-1.04,-1.471%,28320098219.0,United States,1998.0,2440569,Finance,Real Estate
WEC,WEC Energy Group Inc. Common Stock,$89.43,-2.38,-2.592%,28209310107.0,United States,,2216043,Utilities,Power Generation
TU,Telus Corporation Ordinary Shares,$19.86,-0.36,-1.78%,28205521973.0,Canada,,1583859,,
KEYS,Keysight Technologies Inc. Common Stock,$157.36,-1.46,-0.919%,28135381834.0,United States,2014.0,1204478,Industrials,Industrial Machinery/Components
HLN,Haleon plc American Depositary Shares (Each representing two Ordinary Shares),$6.09,-0.02,-0.327%,28119277312.0,,2022.0,4544475,,
DDOG,Datadog Inc. Class A Common Stock,$88.78,1.33,1.521%,28094048092.0,United States,2019.0,4000102,Technology,EDP Services
PEG,Public Service Enterprise Group Incorporated Common Stock,$56.23,-0.69,-1.212%,28050905728.0,United States,,4775339,Utilities,Power Generation
STM,STMicroelectronics N.V. Common Stock,$30.94,-0.46,-1.465%,28048740755.0,Switzerland,,3944601,Technology,Semiconductors
ABC,AmerisourceBergen Corporation Common Stock,$135.33,-0.74,-0.544%,28048237590.0,United States,,1337593,Health Care,Other Pharmaceuticals
NUE,Nucor Corporation Common Stock,$106.99,1.7,1.615%,28008423049.0,United States,,2251338,Industrials,Steel/Iron Ore
NDAQ,Nasdaq Inc. Common Stock,$56.68,-0.43,-0.753%,28001808691.0,United States,,2021503,Finance,Investment Bankers/Brokers/Service
MFG,Mizuho Financial Group Inc. Sponosred ADR (Japan),$2.21,-0.02,-0.897%,27996223634.0,Japan,,2667518,Finance,Major Banks
WBD,Warner Bros. Discovery Inc. Series A Common Stock ,$11.50,-0.16,-1.372%,27917317902.0,United States,,23430154,Telecommunications,Cable & Other Pay Television Services
ODFL,Old Dominion Freight Line Inc. Common Stock,$248.77,-5.41,-2.128%,27805986635.0,United States,1991.0,795667,Industrials,Trucking Freight/Courier Services
CHT,Chunghwa Telecom Co. Ltd.,$35.53,-0.34,-0.948%,27562209191.0,Taiwan,,230519,Telecommunications,Telecommunications Equipment
IMO,Imperial Oil Limited Common Stock,$43.27,-0.91,-2.06%,27548978395.0,Canada,1929.0,330285,,
GOLD,Barrick Gold Corporation Common Stock (BC),$15.50,0.4,2.649%,27387513193.0,Canada,,37695465,,
PUK,Prudential Public Limited Company Common Stock,$19.92,0.55,2.839%,27383175966.0,United Kingdom,,2159332,Finance,Life Insurance
AMP,Ameriprise Financial Inc. Common Stock,$251.95,-1.98,-0.78%,27252303268.0,United States,,679109,Finance,Investment Managers
CEG,Constellation Energy Corporation Common Stock ,$83.19,0.15,0.181%,27190257013.0,United States,,3267820,Utilities,Power Generation
WBA,Walgreens Boots Alliance Inc. Common Stock,$31.40,-0.15,-0.475%,27137658841.0,United States,,8033242,Consumer Staples,Retail-Drug Stores and Proprietary Stores
BAX,Baxter International Inc. Common Stock,$53.86,-1.44,-2.604%,27124473487.0,United States,,3972782,Health Care,Medical/Dental Instruments
IDXX,IDEXX Laboratories Inc. Common Stock,$325.80,-6.01,-1.811%,27124057089.0,United States,1991.0,563549,Health Care,Biotechnology: In Vitro & In Vivo Diagnostic Substances
ES,Eversource Energy (D/B/A) Common Stock,$77.96,-1.62,-2.036%,27008720915.0,United States,,3345543,Utilities,Electric Utilities: Central
ON,ON Semiconductor Corporation Common Stock,$62.33,-0.61,-0.969%,27003624687.0,United States,,5846198,Technology,Semiconductors
OTIS,Otis Worldwide Corporation Common Stock ,$63.80,-0.7,-1.085%,26810776973.0,,2020.0,2625603,,
VRSK,Verisk Analytics Inc. Common Stock,$170.53,-3.02,-1.74%,26766381126.0,United States,2009.0,919787,Consumer Discretionary,Business Services
APO,Apollo Global Management Inc. (New) Common Stock,$46.50,-1.13,-2.372%,26620182314.0,,,3011392,Finance,Investment Managers
FAST,Fastenal Company Common Stock,$46.04,-0.53,-1.138%,26458211814.0,United States,1987.0,3773996,Basic Materials,Construction Materials
NIO,NIO Inc. American depositary shares each  representing one Class A ordinary share,$15.77,0.19,1.22%,26344315424.0,,2018.0,39251682,Finance,Finance Companies
GFS,GlobalFoundries Inc. Ordinary Shares,$48.35,-1.78,-3.551%,26115865700.0,United States,2021.0,1494152,Technology,Semiconductors
AME,AMETEK Inc.,$113.41,0.13,0.115%,26036476818.0,United States,,1970151,Consumer Discretionary,Metal Fabrications
PPG,PPG Industries Inc. Common Stock,$110.69,-0.92,-0.824%,26011859107.0,United States,,1163937,Consumer Discretionary,Paints/Coatings
SQM,Sociedad Quimica y Minera S.A. Common Stock,$90.75,-0.04,-0.044%,25921631076.0,Chile,1993.0,1035118,Industrials,Agricultural Chemicals
CQP,Cheniere Energy Partners LP Cheniere Energy Partners LP Common Units,$53.36,1.2,2.301%,25827847363.0,United States,2007.0,338983,Utilities,Oil/Gas Transmission
WIT,Wipro Limited Common Stock,$4.71,-0.01,-0.212%,25771056968.0,India,,2426053,Technology,EDP Services
AVB,AvalonBay Communities Inc. Common Stock,$184.19,2.69,1.482%,25755457523.0,United States,,1123395,Real Estate,Real Estate Investment Trusts
VEEV,Veeva Systems Inc. Class A Common Stock,$164.88,0.07,0.042%,25602799540.0,,2013.0,813955,Health Care,Managed Health Care
BCS,Barclays PLC Common Stock,$6.40,-0.08,-1.235%,25456837965.0,United Kingdom,,11188375,Finance,Commercial Banks
CPRT,Copart Inc. (DE) Common Stock,$106.40,-3.38,-3.079%,25329238838.0,United States,1994.0,2000560,Consumer Discretionary,Other Specialty Stores
EQR,Equity Residential Common Shares of Beneficial Interest,$67.22,1.0,1.51%,25282669437.0,United States,,2495874,Real Estate,Real Estate Investment Trusts
DD,DuPont de Nemours Inc. Common Stock,$50.40,-0.25,-0.494%,25245456415.0,,2017.0,3567495,Consumer Discretionary,Wholesale Distributors
SGEN,Seagen Inc. Common Stock,$136.83,1.13,0.833%,25236303444.0,United States,2001.0,896937,Health Care,Biotechnology: Biological Products (No Diagnostic Substances)
HPQ,HP Inc. Common Stock,$24.92,-0.12,-0.479%,25067995619.0,United States,,8858187,Technology,Computer Manufacturing
DELL,Dell Technologies Inc. Class C Common Stock ,$34.17,-0.02,-0.058%,25045242619.0,,2018.0,3041204,Technology,Computer Manufacturing
GWW,W.W. Grainger Inc. Common Stock,$489.19,2.29,0.47%,24885679882.0,United States,,538190,Consumer Discretionary,Telecommunications Equipment
DFS,Discover Financial Services Common Stock,$90.92,-0.5,-0.547%,24836735687.0,United States,,1579226,Finance,Finance: Consumer Services
ROK,Rockwell Automation Inc. Common Stock,$215.11,-0.67,-0.311%,24831303731.0,United States,,705275,Industrials,Industrial Machinery/Components
HRL,Hormel Foods Corporation Common Stock,$45.44,-0.46,-1.002%,24819219126.0,United States,,1557874,Consumer Staples,Meat/Poultry/Fish
LYB,LyondellBasell Industries NV Ordinary Shares Class A (Netherlands),$75.28,0.47,0.628%,24556787906.0,Netherlands,,2772809,Industrials,Major Chemicals
GLW,Corning Incorporated Common Stock,$29.02,-0.6,-2.026%,24531132539.0,United States,,4342466,Technology,Industrial Machinery/Components
MTD,Mettler-Toledo International Inc. Common Stock,$1084.12,-12.76,-1.163%,24399866033.0,Switzerland,1997.0,144350,Health Care,Medical Specialities
CLR,Continental Resources Inc. Common Stock,$66.81,0.23,0.345%,24252097612.0,United States,2007.0,719276,Energy,Oil & Gas Production
CRH,CRH PLC American Depositary Shares,$32.23,0.07,0.218%,24234842521.0,Ireland,,548998,Industrials,Building Materials
NWG,NatWest Group plc American Depositary Shares (each representing two (2) Ordinary Shares),$4.99,0.1,2.045%,24108795575.0,United Kingdom,2022.0,3040644,Finance,Commercial Banks
ALNY,Alnylam Pharmaceuticals Inc. Common Stock,$200.16,-9.23,-4.408%,24024516049.0,United States,2004.0,1684601,Health Care,Biotechnology: Pharmaceutical Preparations
NOK,Nokia Corporation Sponsored American Depositary Shares,$4.27,-0.01,-0.234%,23968675633.0,Finland,1994.0,16812429,Technology,Radio And Television Broadcasting And Communications Equipment
ORAN,Orange,$8.99,-0.05,-0.553%,23902313361.0,France,,1178830,Telecommunications,Telecommunications Equipment
FRC,FIRST REPUBLIC BANK Common Stock,$130.55,-2.13,-1.605%,23853485679.0,United States,,909928,Finance,Commercial Banks
TSN,Tyson Foods Inc. Common Stock,$65.93,-0.92,-1.376%,23710229537.0,United States,,2493903,Consumer Staples,Meat/Poultry/Fish
TROW,T. Rowe Price Group Inc. Common Stock,$105.01,-2.38,-2.216%,23699878171.0,United States,1986.0,2098658,Finance,Investment Managers
K,Kellogg Company Common Stock,$69.66,-1.86,-2.601%,23692278198.0,United States,,2796717,Consumer Staples,Packaged Foods
AWK,American Water Works Company Inc. Common Stock,$130.16,-3.04,-2.282%,23661327326.0,United States,2008.0,1380179,Utilities,Water Supply
ZS,Zscaler Inc. Common Stock,$164.37,-1.52,-0.916%,23513537453.0,United States,2018.0,1334989,Technology,EDP Services
LCID,Lucid Group Inc. Common Stock,$13.97,-0.22,-1.55%,23439266087.0,United States,,12236221,Consumer Discretionary,Auto Manufacturing
DHI,D.R. Horton Inc. Common Stock,$67.35,-1.01,-1.477%,23402878149.0,United States,,2760402,,
SLF,Sun Life Financial Inc. Common Stock,$39.76,-0.41,-1.021%,23302537460.0,Canada,,966255,Finance,Life Insurance
IFF,International Flavors & Fragrances Inc. Common Stock,$90.83,-0.75,-0.819%,23156843731.0,United States,,2900671,Industrials,Major Chemicals
EXR,Extra Space Storage Inc Common Stock,$172.71,3.88,2.298%,23127947738.0,United States,2004.0,1128873,Real Estate,Real Estate Investment Trusts
OKE,ONEOK Inc. Common Stock,$51.24,-0.74,-1.424%,22897220511.0,United States,,3877054,Utilities,Oil & Gas Production
FNV,Franco-Nevada Corporation,$119.48,1.36,1.151%,22887155446.0,Canada,,507631,,
ARE,Alexandria Real Estate Equities Inc. Common Stock,$140.19,1.75,1.264%,22874562996.0,United States,,1369358,Real Estate,Real Estate Investment Trusts
FMX,Fomento Economico Mexicano S.A.B. de C.V. Common Stock,$62.75,1.45,2.365%,22453369844.0,Mexico,,851701,Consumer Staples,Beverages (Production/Distribution)
LI,Li Auto Inc. American Depositary Shares,$23.01,-0.36,-1.54%,22452054694.0,China,2020.0,5964373,Consumer Discretionary,Auto Manufacturing
STT,State Street Corporation Common Stock,$60.81,-0.91,-1.474%,22354933221.0,United States,,2403625,Finance,Investment Managers
HAL,Halliburton Company Common Stock,$24.62,-0.02,-0.081%,22328969429.0,United States,,9344375,Energy,Oil & Gas Production
BR,Broadridge Financial Solutions Inc. Common Stock,$144.32,-2.58,-1.756%,22291829849.0,United States,,781638,Consumer Discretionary,Business Services
DTE,DTE Energy Company Common Stock,$115.05,-3.17,-2.681%,22289370519.0,United States,,2391994,Utilities,Electric Utilities: Central
SIRI,Sirius XM Holdings Inc. Common Stock,$5.71,-0.07,-1.211%,22235998781.0,United States,,13163409,Consumer Discretionary,Movies/Entertainment
CAJ,Canon Inc. American Depositary Shares,$21.80,-0.21,-0.954%,22168904418.0,Japan,,441066,Consumer Discretionary,Industrial Machinery/Components
BEKE,KE Holdings Inc American Depositary Shares (each representing three Class A Ordinary Shares),$17.52,1.26,7.749%,22098461549.0,China,2020.0,19090457,Finance,Real Estate
WTW,Willis Towers Watson Public Limited Company Ordinary Shares,$200.94,-1.34,-0.662%,22096480028.0,United Kingdom,2001.0,560261,Finance,Specialty Insurers
ZBH,Zimmer Biomet Holdings Inc. Common Stock,$104.55,-2.57,-2.399%,21936633743.0,United States,,1138690,Health Care,Industrial Specialties
FITB,Fifth Third Bancorp Common Stock,$31.96,-0.09,-0.281%,21930617954.0,United States,,6165538,Finance,Major Banks
ZM,Zoom Video Communications Inc. Class A Common Stock,$73.59,-0.88,-1.182%,21903705779.0,United States,2019.0,3535961,Technology,Computer Software: Prepackaged Software
IT,Gartner Inc. Common Stock,$276.69,-1.98,-0.711%,21884490914.0,United States,1993.0,505846,Finance,Diversified Commercial Services
LEN,Lennar Corporation Class A Common Stock,$74.55,-0.42,-0.56%,21722855225.0,United States,,2579170,Real Estate,Building operators
CBRE,CBRE Group Inc Common Stock Class A,$67.51,-0.28,-0.413%,21682286277.0,United States,,3475668,Finance,Real Estate
EIX,Edison International Common Stock,$56.58,-0.88,-1.532%,21581421711.0,United States,,6259443,Utilities,Electric Utilities: Central
FERG,Ferguson plc Ordinary Shares,$102.93,-1.1,-1.057%,21556120088.0,,2021.0,796808,Consumer Discretionary,Industrial Machinery/Components
FANG,Diamondback Energy Inc. Common Stock,$120.46,-0.45,-0.372%,21416027357.0,United States,2012.0,2004044,Energy,Oil & Gas Production
RBLX,Roblox Corporation Class A Common Stock,$35.84,0.46,1.30%,21388083190.0,,2021.0,12773262,Technology,EDP Services
RJF,Raymond James Financial Inc. Common Stock,$98.82,0.54,0.549%,21327825808.0,United States,,1688003,Finance,Investment Bankers/Brokers/Service
BKR,Baker Hughes Company Class A Common Stock,$20.96,-0.16,-0.758%,21206370610.0,United States,,8438514,Energy,Oilfield Services/Equipment
APTV,Aptiv PLC Ordinary Shares,$78.21,-2.24,-2.784%,21189652255.0,United Kingdom,2011.0,2100695,Consumer Discretionary,Auto Parts:O.E.M.
GMAB,Genmab A/S ADS,$32.13,0.2,0.626%,21150948307.0,Denmark,2019.0,802635,Health Care,Biotechnology: Commercial Physical & Biological Resarch
WY,Weyerhaeuser Company Common Stock,$28.56,0.81,2.919%,21143396400.0,United States,,7755064,Real Estate,Real Estate Investment Trusts
FE,FirstEnergy Corp. Common Stock,$37.00,-0.18,-0.484%,21141625545.0,United States,,6156658,Utilities,Electric Utilities: Central
GPC,Genuine Parts Company Common Stock,$149.32,-0.38,-0.254%,21118469155.0,United States,,905028,Consumer Discretionary,Automotive Aftermarket
CDW,CDW Corporation Common Stock,$156.08,-2.89,-1.818%,21108763963.0,United States,2013.0,717457,Consumer Discretionary,Catalog/Specialty Distribution
EFX,Equifax Inc. Common Stock,$171.43,4.33,2.591%,20983069543.0,United States,,1058132,Finance,Advertising
VMC,Vulcan Materials Company (Holding Company) Common Stock,$157.71,-0.07,-0.044%,20959811663.0,United States,,950829,,
AEE,Ameren Corporation Common Stock,$80.55,-1.94,-2.352%,20811752233.0,United States,,2197685,Utilities,Power Generation
CTRA,Coterra Energy Inc. Common Stock,$26.12,0.15,0.578%,20780946023.0,United States,,7829269,Energy,Oil & Gas Production
EPAM,EPAM Systems Inc. Common Stock,$362.19,0.05,0.014%,20777910196.0,United States,2012.0,317945,Technology,EDP Services
FTV,Fortive Corporation Common Stock ,$58.30,-0.91,-1.537%,20737136966.0,,2016.0,2388660,Industrials,Industrial Machinery/Components
TSCO,Tractor Supply Company Common Stock,$185.88,-1.61,-0.859%,20632696357.0,United States,1994.0,1217146,Consumer Discretionary,Other Specialty Stores
INVH,Invitation Homes Inc. Common Stock,$33.77,-0.11,-0.325%,20611854127.0,United States,2017.0,6005282,Real Estate,Real Estate Investment Trusts
NU,Nu Holdings Ltd. Class A Ordinary Shares,$4.40,-0.04,-0.901%,20575932032.0,Cayman Islands,2021.0,29899007,Finance,Finance: Consumer Services
ULTA,Ulta Beauty Inc. Common Stock,$401.19,-3.57,-0.882%,20549552783.0,United States,2007.0,737209,,
ETR,Entergy Corporation Common Stock,$100.63,-2.0,-1.949%,20469952837.0,United States,,1690840,Utilities,Electric Utilities: Central
EBAY,eBay Inc. Common Stock,$36.81,-0.88,-2.335%,20222230006.0,United States,1998.0,5951003,Consumer Discretionary,Catalog/Specialty Distribution
MLM,Martin Marietta Materials Inc. Common Stock,$322.09,-0.32,-0.099%,20090086753.0,United States,1994.0,712293,Industrials,Building Materials
HIG,Hartford Financial Services Group Inc. (The) Common Stock,$61.94,-0.71,-1.133%,20015438893.0,United States,,1790817,Finance,Property-Casualty Insurers
YUMC,Yum China Holdings Inc. Common Stock,$47.33,-0.52,-1.087%,19860655588.0,United States,2016.0,2378835,Consumer Discretionary,Restaurants
SIVB,SVB Financial Group Common Stock,$335.78,-2.15,-0.636%,19838656373.0,United States,,529170,Finance,Major Banks
PAYC,Paycom Software Inc. Common Stock,$329.99,-4.44,-1.328%,19808094577.0,,2014.0,387814,Technology,Computer Software: Prepackaged Software
HEI,Heico Corporation Common Stock,$143.98,0.24,0.167%,19666467639.0,United States,2000.0,244067,Industrials,Military/Government/Technical
CCEP,Coca-Cola Europacific Partners plc Ordinary Shares,$42.62,-0.39,-0.907%,19472216863.0,United Kingdom,,2060827,Consumer Staples,Beverages (Production/Distribution)
RCI,Rogers Communication Inc. Common Stock,$38.54,-0.24,-0.619%,19459821756.0,Canada,,355871,,
ZTO,ZTO Express (Cayman) Inc. American Depositary Shares each representing one Class A ordinary share.,$24.03,0.0,0.00%,19457886777.0,China,2016.0,3410131,Consumer Discretionary,Advertising
ARGX,argenx SE American Depositary Shares,$353.05,-4.5,-1.259%,19439463281.0,Netherlands,2017.0,155490,Health Care,Biotechnology: Biological Products (No Diagnostic Substances)
ANSS,ANSYS Inc. Common Stock,$221.70,-5.83,-2.562%,19303123031.0,United States,1996.0,677751,Technology,Computer Software: Prepackaged Software
AEM,Agnico Eagle Mines Limited Common Stock,$42.23,0.8,1.931%,19247420015.0,Canada,,3741828,,
CF,CF Industries Holdings Inc. Common Stock,$96.25,-0.81,-0.835%,19178826494.0,United States,2005.0,2670074,Industrials,Agricultural Chemicals
MOH,Molina Healthcare Inc Common Stock,$329.84,-1.26,-0.381%,19163704000.0,United States,2003.0,442207,Health Care,Medical Specialities
ERIC,Ericsson American Depositary Shares,$5.74,-0.01,-0.174%,19137160000.0,Sweden,,12869370,Technology,Computer Software: Prepackaged Software
MKC,McCormick & Company Incorporated Common Stock,$71.27,-2.24,-3.047%,19121507306.0,United States,,1612274,Consumer Staples,Farming/Seeds/Milling
DASH,DoorDash Inc. Class A Common Stock,$49.45,-0.39,-0.783%,19091661786.0,,2020.0,3220636,Industrials,Industrial Machinery/Components
HBAN,Huntington Bancshares Incorporated Common Stock,$13.18,0.01,0.076%,19008121454.0,United States,,16952682,Finance,Major Banks
URI,United Rentals Inc. Common Stock,$270.12,-0.03,-0.011%,18904446794.0,United States,1997.0,930352,Consumer Discretionary,Diversified Commercial Services
RF,Regions Financial Corporation Common Stock,$20.07,0.2,1.007%,18753334243.0,United States,,10594496,Finance,Major Banks
TEF,Telefonica SA Common Stock,$3.24,0.0,0.00%,18711769675.0,Spain,1988.0,2228678,Telecommunications,Telecommunications Equipment
PPL,PPL Corporation Common Stock,$25.35,-0.6,-2.312%,18662283894.0,United States,,8235800,Utilities,Electric Utilities: Central
VRSN,VeriSign Inc. Common Stock,$173.70,-2.47,-1.402%,18635099657.0,United States,1998.0,762181,Technology,EDP Services
TTM,Tata Motors Ltd Tata Motors Limited,$24.26,0.53,2.233%,18581598335.0,India,,1225734,Consumer Discretionary,Auto Manufacturing
DRE,Duke Realty Corporation Common Stock,$48.20,0.23,0.479%,18556648911.0,United States,,41770369,Real Estate,Real Estate Investment Trusts
LH,Laboratory Corporation of America Holdings Common Stock,$204.81,-3.19,-1.534%,18514824000.0,United States,,720109,Health Care,Medical Specialities
EBR,Centrais Electricas Brasileiras S A American Depositary Shares (Each representing one Common Share),$8.03,0.09,1.134%,18478859049.0,,2016.0,6501635,Utilities,Electric Utilities: Central
EC,Ecopetrol S.A. American Depositary Shares,$8.93,-0.25,-2.723%,18358604175.0,Colombia,,1239304,Energy,Oil & Gas Production
LUV,Southwest Airlines Company Common Stock,$30.84,-0.8,-2.528%,18298918965.0,United States,,6903937,Consumer Discretionary,Air Freight/Delivery Services
WST,West Pharmaceutical Services Inc. Common Stock,$246.08,-5.19,-2.066%,18221728641.0,United States,,538443,Health Care,Medical/Dental Instruments
PWR,Quanta Services Inc. Common Stock,$127.39,-0.54,-0.422%,18219694492.0,United States,,1033869,Industrials,Engineering & Construction
FTS,Fortis Inc. Common Shares,$37.99,-0.72,-1.86%,18185813000.0,,2016.0,1061454,Utilities,Electric Utilities: Central
CAH,Cardinal Health Inc. Common Stock,$66.68,-1.11,-1.637%,18171124432.0,United States,,3367982,Health Care,Other Pharmaceuticals
TTWO,Take-Two Interactive Software Inc. Common Stock,$109.00,0.42,0.387%,18147259253.0,United States,1997.0,1664035,Technology,Computer Software: Prepackaged Software
NET,Cloudflare Inc. Class A Common Stock,$55.31,0.46,0.839%,18111834447.0,United States,2019.0,3202574,Technology,EDP Services
DAL,Delta Air Lines Inc. Common Stock,$28.06,-0.38,-1.336%,17992013579.0,United States,,9626636,Consumer Discretionary,Air Freight/Delivery Services
PFG,Principal Financial Group Inc Common Stock,$72.15,0.73,1.022%,17982473720.0,United States,2001.0,2136171,Finance,Investment Managers
GIB,CGI Inc. Common Stock,$75.24,-0.08,-0.106%,17904867089.0,Canada,,269162,,
MAA,Mid-America Apartment Communities Inc. Common Stock,$155.07,1.45,0.944%,17901099678.0,United States,1994.0,1162398,Real Estate,Real Estate Investment Trusts
NTRS,Northern Trust Corporation Common Stock,$85.56,-0.71,-0.823%,17829550993.0,United States,,996070,Finance,Trusts Except Educational Religious and Charitable
CNP,CenterPoint Energy Inc (Holding Co) Common Stock,$28.18,-0.66,-2.288%,17739392032.0,United States,,9062364,Utilities,Electric Utilities: Central
UI,Ubiquiti Inc. Common Stock,$293.56,-0.55,-0.187%,17738861758.0,United States,,48474,Technology,Radio And Television Broadcasting And Communications Equipment
RPRX,Royalty Pharma plc Class A Ordinary Shares ,$40.18,-0.15,-0.372%,17632590597.0,United States,2020.0,1989392,Health Care,Biotechnology: Pharmaceutical Preparations
TCOM,Trip.com Group Limited American Depositary Shares,$27.31,0.13,0.478%,17526312036.0,China,2003.0,5034102,Consumer Discretionary,Business Services
LYV,Live Nation Entertainment Inc. Common Stock,$76.04,0.78,1.036%,17487057421.0,United States,,1928992,Consumer Discretionary,Movies/Entertainment
IR,Ingersoll Rand Inc. Common Stock,$43.26,-0.43,-0.984%,17441612483.0,United States,2017.0,2220616,Industrials,Industrial Machinery/Components
LPLA,LPL Financial Holdings Inc. Common Stock,$218.48,2.01,0.929%,17428103282.0,United States,2010.0,787780,Finance,Investment Bankers/Brokers/Service
CHD,Church & Dwight Company Inc. Common Stock,$71.44,-1.48,-2.03%,17353445107.0,United States,,1719475,Consumer Discretionary,Package Goods/Cosmetics
WRB,W.R. Berkley Corporation Common Stock,$64.58,-0.6,-0.921%,17131329048.0,United States,,1545383,Finance,Property-Casualty Insurers
BRO,Brown & Brown Inc. Common Stock,$60.48,-0.41,-0.673%,17082834189.0,United States,,1825141,Finance,Specialty Insurers
ROL,Rollins Inc. Common Stock,$34.68,-0.46,-1.309%,17077033074.0,United States,,1338049,Consumer Discretionary,Industrial Specialties
CFG,Citizens Financial Group Inc. Common Stock,$34.36,0.51,1.507%,17030307258.0,United States,2014.0,5693008,Finance,Major Banks
MPWR,Monolithic Power Systems Inc. Common Stock,$363.40,-2.0,-0.547%,17003122600.0,United States,2004.0,1287958,Technology,Semiconductors
CMS,CMS Energy Corporation Common Stock,$58.24,-1.49,-2.495%,16900991453.0,United States,,3710251,Utilities,Power Generation
COIN,Coinbase Global Inc. Class A Common Stock,$64.49,2.55,4.117%,16889931000.0,United States,,10195394,Technology,EDP Services
MT,Arcelor Mittal NY Registry Shares NEW,$19.91,0.06,0.302%,16856252960.0,Luxembourg,,3920693,Industrials,Steel/Iron Ore
PBA,Pembina Pipeline Corp. Ordinary Shares (Canada),$30.37,-0.49,-1.588%,16854590750.0,Canada,,748215,Energy,Oil & Gas Production
ACGL,Arch Capital Group Ltd. Common Stock,$45.54,-0.29,-0.633%,16810507542.0,Bermuda,,2344344,Finance,Property-Casualty Insurers
ZI,ZoomInfo Technologies Inc Common Stock,$41.66,0.01,0.024%,16807382430.0,United States,2020.0,2971523,Technology,Computer Software: Prepackaged Software
PLTR,Palantir Technologies Inc. Class A Common Stock,$8.13,0.05,0.619%,16781638645.0,,2020.0,47364029,Technology,Retail: Computer Software & Peripheral Equipment
FOXA,Fox Corporation Class A Common Stock,$30.68,0.17,0.557%,16780124937.0,United States,,3275958,Industrials,Broadcasting
IX,Orix Corp Ads Common Stock,$70.67,-1.15,-1.601%,16739320149.0,Japan,,67843,Finance,Diversified Financial Services
SUI,Sun Communities Inc. Common Stock,$135.33,1.24,0.925%,16689406065.0,United States,1993.0,1349546,Real Estate,Real Estate Investment Trusts
MOS,Mosaic Company (The) Common Stock,$48.33,-0.06,-0.124%,16686763244.0,United States,,5154667,Industrials,Agricultural Chemicals
STE,STERIS plc (Ireland) Ordinary Shares,$166.28,-0.83,-0.497%,16630434173.0,United States,,1285634,Health Care,Industrial Specialties
SPOT,Spotify Technology S.A. Ordinary Shares,$86.30,-0.54,-0.622%,16626482833.0,Luxembourg,2018.0,1858123,Consumer Discretionary,Broadcasting
BIP,Brookfield Infrastructure Partners LP Limited Partnership Units,$35.90,0.2,0.56%,16445790000.0,Bermuda,,981164,Consumer Discretionary,Marine Transportation
DOV,Dover Corporation Common Stock,$116.58,-1.32,-1.12%,16361803298.0,United States,,899637,Industrials,Industrial Machinery/Components
QSR,Restaurant Brands International Inc. Common Shares,$53.18,-1.21,-2.225%,16278750956.0,Canada,2014.0,1138804,,
JBHT,J.B. Hunt Transport Services Inc. Common Stock,$156.42,-8.86,-5.361%,16238451828.0,United States,,1023003,Industrials,Trucking Freight/Courier Services
ELP,Companhia Paranaense de Energia (COPEL) American Depositary Shares (each representing one Unit consisting one Common Share and four non-voting Class B Preferred Shares),$5.93,0.07,1.195%,16227763738.0,Brazil,2021.0,823943,Utilities,Electric Utilities: Central
SNAP,Snap Inc. Class A Common Stock,$9.82,-0.37,-3.631%,16192848703.0,United States,2017.0,29078236,Technology,Internet and Information Services
ALGN,Align Technology Inc. Common Stock,$207.11,-3.9,-1.848%,16176986195.0,United States,2001.0,956550,Health Care,Industrial Specialties
WAT,Waters Corporation Common Stock,$269.53,-5.03,-1.832%,16138356448.0,United States,1995.0,444203,Health Care,Medical Specialities
AGR,Avangrid Inc. Common Stock,$41.70,-0.62,-1.465%,16122230433.0,United States,2015.0,1043960,Utilities,Electric Utilities: Central
HOLX,Hologic Inc. Common Stock,$64.52,-0.48,-0.738%,16107620141.0,United States,1990.0,2055763,Health Care,Medical Electronics
TECK,Teck Resources Ltd Ordinary Shares,$30.41,-0.23,-0.751%,16102095000.0,Canada,,3323457,,
VTR,Ventas Inc. Common Stock,$40.17,0.52,1.311%,16056461690.0,United States,,3212972,Real Estate,Real Estate Investment Trusts
IEP,Icahn Enterprises L.P. Common Stock,$49.67,0.07,0.141%,16031313070.0,United States,,458718,Industrials,Consumer Electronics/Appliances
AMCR,Amcor plc Ordinary Shares,$10.73,-0.02,-0.186%,15977179836.0,,2019.0,9823576,Industrials,Containers/Packaging
PODD,Insulet Corporation Common Stock,$229.40,-1.78,-0.77%,15921186299.0,United States,2007.0,294387,Health Care,Medical/Dental Instruments
TDY,Teledyne Technologies Incorporated Common Stock,$337.47,-6.71,-1.95%,15815411073.0,United States,,432734,Industrials,Industrial Machinery/Components
CLX,Clorox Company (The) Common Stock,$128.39,-4.75,-3.568%,15812904118.0,United States,,1489606,Consumer Discretionary,Specialty Chemicals
ESS,Essex Property Trust Inc. Common Stock,$242.23,3.57,1.496%,15775072512.0,United States,1994.0,770510,Real Estate,Real Estate Investment Trusts
XYL,Xylem Inc. Common Stock New,$87.36,-0.73,-0.829%,15740678990.0,United States,2011.0,2155042,Industrials,Fluid Controls
BMRN,BioMarin Pharmaceutical Inc. Common Stock,$84.77,-0.29,-0.341%,15722619706.0,United States,1999.0,1437083,Health Care,Biotechnology: Pharmaceutical Preparations
PINS,Pinterest Inc. Class A Common Stock,$23.30,0.11,0.474%,15691663179.0,,2019.0,9397753,Technology,Interactive Media
CAG,ConAgra Brands Inc. Common Stock,$32.63,-0.63,-1.894%,15682890302.0,United States,,4562495,Consumer Staples,Packaged Foods
FOX,Fox Corporation Class B Common Stock,$28.50,0.13,0.458%,15587795330.0,United States,,1153646,Industrials,Broadcasting
GRMN,Garmin Ltd. Common Stock (Switzerland),$80.31,-1.46,-1.785%,15488195731.0,Switzerland,2000.0,957148,Industrials,Industrial Machinery/Components
DRI,Darden Restaurants Inc. Common Stock,$126.32,-3.0,-2.32%,15484261262.0,United States,,2138646,Consumer Discretionary,Restaurants
HPE,Hewlett Packard Enterprise Company Common Stock,$11.98,-0.14,-1.155%,15414676734.0,United States,2015.0,13870157,Telecommunications,Telecommunications Equipment
MRO,Marathon Oil Corporation Common Stock,$22.58,-0.22,-0.965%,15299835475.0,United States,,17054903,Energy,Oil & Gas Production
TS,Tenaris S.A. American Depositary Shares,$25.84,-0.3,-1.148%,15252538040.0,Luxembourg,,2882656,Industrials,Steel/Iron Ore
FDS,FactSet Research Systems Inc. Common Stock,$400.11,3.25,0.819%,15196034561.0,United States,2000.0,300689,Finance,Advertising
PKI,PerkinElmer Inc. Common Stock,$120.33,-1.03,-0.849%,15188527182.0,United States,,831995,Health Care,Medical Specialities
BALL,Ball Corporation Common Stock,$48.32,0.67,1.406%,15187335887.0,United States,,3064196,Industrials,Containers/Packaging
CNHI,CNH Industrial N.V. Common Shares,$11.17,-0.06,-0.534%,15117325261.0,,2013.0,3596611,Industrials,Construction/Ag Equipment/Trucks
AES,The AES Corporation Common Stock,$22.60,-0.15,-0.659%,15095299631.0,United States,,8481498,Utilities,Electric Utilities: Central
IEX,IDEX Corporation Common Stock,$199.85,-0.4,-0.20%,15083799659.0,United States,1989.0,796771,Industrials,Fluid Controls
EQT,EQT Corporation Common Stock,$40.75,1.22,3.086%,15054669976.0,United States,,102617283,Energy,Oil & Gas Production
DB,Deutsche Bank AG Common Stock,$7.40,-0.06,-0.804%,15044200000.0,Germany,,6886252,Finance,Commercial Banks
ICLR,ICON plc Ordinary Shares,$183.78,-0.24,-0.13%,14982959834.0,Ireland,1998.0,644836,Health Care,Biotechnology: Commercial Physical & Biological Resarch
KEY,KeyCorp Common Stock,$16.02,-0.01,-0.062%,14941190452.0,United States,,9116426,Finance,Major Banks
INCY,Incyte Corp. Common Stock,$66.64,0.03,0.045%,14822777516.0,United States,,1615568,Health Care,Biotechnology: Commercial Physical & Biological Resarch
AZPN,Aspen Technology Inc. Common Stock,$238.20,4.12,1.76%,14808581720.0,United States,,226815,Technology,EDP Services
WAB,Westinghouse Air Brake Technologies Corporation Common Stock,$81.35,-0.37,-0.453%,14795513353.0,United States,,1160661,Industrials,Railroads
EXPE,Expedia Group Inc. Common Stock,$93.69,-0.52,-0.552%,14761665421.0,United States,,2452499,Consumer Discretionary,Other Consumer Services
MKL,Markel Corporation Common Stock,$1084.22,-17.27,-1.568%,14664520030.0,United States,1986.0,65395,Finance,Property-Casualty Insurers
SJM,J.M. Smucker Company (The) New Common Stock,$137.41,-1.59,-1.144%,14642044776.0,United States,,1147623,Consumer Staples,Packaged Foods
WPM,Wheaton Precious Metals Corp Common Shares (Canada),$32.36,0.63,1.986%,14616759333.0,Canada,,3115261,,
CSL,Carlisle Companies Incorporated Common Stock,$280.41,0.0,0.00%,14504007318.0,United States,,625265,,
TYL,Tyler Technologies Inc. Common Stock,$347.50,-0.2,-0.058%,14449561868.0,United States,,321275,Technology,Computer Software: Prepackaged Software
EXPD,Expeditors International of Washington Inc. Common Stock,$88.31,-2.16,-2.388%,14447117015.0,United States,,1438315,Consumer Discretionary,Oil Refining/Marketing
WPC,W. P. Carey Inc. REIT,$69.80,1.03,1.498%,14428282337.0,United States,,1885792,Real Estate,Real Estate Investment Trusts
DGX,Quest Diagnostics Incorporated Common Stock,$122.69,-1.93,-1.549%,14306426211.0,United States,,1129826,Health Care,Medical Specialities
BBY,Best Buy Co. Inc. Common Stock,$63.34,-1.74,-2.674%,14259785315.0,United States,,2909554,Consumer Discretionary,Consumer Electronics/Video Chains
CINF,Cincinnati Financial Corporation Common Stock,$89.57,-2.28,-2.482%,14259495005.0,United States,,917974,Finance,Property-Casualty Insurers
HZNP,Horizon Therapeutics Public Limited Company Ordinary Shares,$61.89,-0.8,-1.276%,14258488845.0,Ireland,2011.0,2043058,Health Care,Biotechnology: Pharmaceutical Preparations
ATO,Atmos Energy Corporation Common Stock,$101.85,-2.81,-2.685%,14247991848.0,United States,,1019139,Utilities,Oil/Gas Transmission
CPB,Campbell Soup Company Common Stock,$47.12,0.11,0.234%,14106051046.0,United States,,3685944,Consumer Staples,Packaged Foods
FSLR,First Solar Inc. Common Stock,$132.27,1.34,1.023%,14099262848.0,United States,2006.0,3452367,Technology,Semiconductors
CHKP,Check Point Software Technologies Ltd. Ordinary Shares,$112.02,-0.86,-0.762%,14048576402.0,Israel,1996.0,866669,Technology,Computer Software: Prepackaged Software
PARAA,Paramount Global Class A Common Stock,$21.54,0.05,0.233%,13982193448.0,United States,,42744,Consumer Discretionary,Movies/Entertainment
BGNE,BeiGene Ltd. American Depositary Shares,$134.82,-1.46,-1.071%,13971642781.0,Cayman Islands,2016.0,257250,Health Care,Biotechnology: Pharmaceutical Preparations
UMC,United Microelectronics Corporation (NEW) Common Stock,$5.57,-0.07,-1.241%,13904948000.0,Taiwan,,5773528,Technology,Semiconductors
BILL,Bill.com Holdings Inc. Common Stock,$132.37,-2.85,-2.108%,13877716865.0,,2019.0,1657833,Technology,Computer Software: Prepackaged Software
J,Jacobs Solutions Inc. Common Stock,$108.49,-0.31,-0.285%,13843932737.0,,2022.0,700264,Industrials,Oilfield Services/Equipment
TPL,Texas Pacific Land Corporation Common Stock,$1777.23,-0.47,-0.026%,13724429412.0,United States,,26389,Energy,Oil & Gas Production
MGA,Magna International Inc. Common Stock,$47.42,-1.07,-2.207%,13702597814.0,Canada,,1125953,Consumer Discretionary,Auto Parts:O.E.M.
PHG,Koninklijke Philips N.V. NY Registry Shares,$15.39,0.06,0.391%,13686559112.0,Netherlands,,1912181,Health Care,Biotechnology: Electromedical & Electrotherapeutic Apparatus
SWKS,Skyworks Solutions Inc. Common Stock,$85.27,-3.99,-4.47%,13681195715.0,United States,,2703094,Technology,Semiconductors
TRGP,Targa Resources Inc. Common Stock,$60.34,-0.46,-0.757%,13670474300.0,United States,2010.0,2355149,Utilities,Natural Gas Distribution
MDB,MongoDB Inc. Class A Common Stock,$198.56,3.74,1.92%,13642478599.0,United States,2017.0,2697399,Technology,Retail: Computer Software & Peripheral Equipment
EVRG,Evergy Inc. Common Stock,$59.40,-1.09,-1.802%,13633606741.0,,2018.0,2004985,Utilities,Power Generation
FWONK,Liberty Media Corporation Series C Liberty Formula One Common Stock,$58.50,1.15,2.005%,13623455021.0,United States,,1329253,Consumer Discretionary,Movies/Entertainment
SYF,Synchrony Financial Common Stock,$28.19,-0.65,-2.254%,13580786915.0,United States,2014.0,5695013,Finance,Diversified Financial Services
ZBRA,Zebra Technologies Corporation Class A Common Stock,$262.01,-3.51,-1.322%,13569482441.0,United States,1991.0,378539,Technology,Computer peripheral equipment
UDR,UDR Inc. Common Stock,$41.71,0.63,1.534%,13552549800.0,United States,,2668548,Real Estate,Real Estate Investment Trusts
MTCH,Match Group Inc. Common Stock,$47.75,-0.5,-1.036%,13512603083.0,United States,,2942349,Technology,Computer Software: Programming Data Processing
NTAP,NetApp Inc. Common Stock,$61.85,-1.09,-1.732%,13444068854.0,United States,1995.0,1987175,Technology,Electronic Components
TRMB,Trimble Inc. Common Stock,$54.27,-0.99,-1.792%,13440368075.0,United States,1990.0,1345193,Industrials,Industrial Machinery/Components
NLOK,NortonLifeLock Inc. Common Stock,$20.14,-0.23,-1.129%,13404579961.0,United States,,4884207,Technology,Computer Software: Prepackaged Software
PCTY,Paylocity Holding Corporation Common Stock,$241.58,-4.81,-1.952%,13353977103.0,United States,2014.0,657186,Technology,Computer Software: Prepackaged Software
FMC,FMC Corporation Common Stock,$105.70,-0.61,-0.574%,13313894733.0,United States,,1387688,Industrials,Agricultural Chemicals
LNT,Alliant Energy Corporation Common Stock,$52.99,-1.55,-2.842%,13296581034.0,United States,,2358861,Utilities,Power Generation
JKHY,Jack Henry & Associates Inc. Common Stock,$182.27,-0.77,-0.421%,13287992809.0,United States,1985.0,481146,Technology,Retail: Computer Software & Peripheral Equipment
RYAAY,Ryanair Holdings plc American Depositary Shares,$58.42,0.79,1.371%,13268263062.0,Ireland,1997.0,564750,Consumer Discretionary,Air Freight/Delivery Services
ACI,Albertsons Companies Inc. Class A Common Stock,$24.86,-0.43,-1.70%,13223026368.0,United States,2020.0,2668616,Consumer Staples,Food Chains
AVY,Avery Dennison Corporation Common Stock,$162.70,-0.9,-0.55%,13220417419.0,United States,,519410,Miscellaneous,Office Equipment/Supplies/Services
FLT,FleetCor Technologies Inc. Common Stock,$176.17,-4.92,-2.717%,13215100636.0,United States,2010.0,554371,Technology,EDP Services
AVTR,Avantor Inc. Common Stock,$19.60,-0.6,-2.97%,13211081551.0,,2019.0,6862502,Industrials,Industrial Specialties
CTXS,Citrix Systems Inc. Common Stock,$103.90,0.04,0.039%,13183359916.0,United States,1995.0,6631341,Technology,Computer Software: Prepackaged Software
CBOE,Cboe Global Markets Inc. Common Stock,$117.37,-0.36,-0.306%,13124166688.0,,2010.0,834260,Finance,Investment Bankers/Brokers/Service
NVR,NVR Inc. Common Stock,$3987.08,-0.08,-0.002%,13088247968.0,United States,1998.0,19260,Consumer Discretionary,Homebuilding
COO,The Cooper Companies Inc. Common Stock,$263.90,-5.5,-2.042%,13022405442.0,United States,,400404,Health Care,Ophthalmic Goods
CTLT,Catalent Inc. Common Stock,$72.36,-1.92,-2.585%,13017269567.0,United States,2014.0,1447038,Health Care,Biotechnology: Pharmaceutical Preparations
CHWY,Chewy Inc. Class A Common Stock,$30.72,-0.36,-1.158%,12985827564.0,,2019.0,2627112,Consumer Discretionary,Catalog/Specialty Distribution
HUBS,HubSpot Inc. Common Stock,$270.12,-4.23,-1.542%,12970947114.0,United States,2014.0,570770,Technology,Computer Software: Prepackaged Software
STLD,Steel Dynamics Inc.,$70.95,0.24,0.339%,12956231223.0,United States,1996.0,1376983,Industrials,Steel/Iron Ore
LKQ,LKQ Corporation Common Stock,$47.15,-0.06,-0.127%,12937487463.0,United States,2003.0,1794994,Consumer Discretionary,Automotive Aftermarket
OMC,Omnicom Group Inc. Common Stock,$63.09,-0.37,-0.583%,12923529855.0,United States,,2691906,Consumer Discretionary,Advertising
SEDG,SolarEdge Technologies Inc. Common Stock,$231.46,-4.1,-1.741%,12877297700.0,Israel,2015.0,1495784,Technology,Semiconductors
HWM,Howmet Aerospace Inc. Common Stock,$30.93,-0.01,-0.032%,12848415347.0,United States,,4017387,Industrials,Metal Fabrications
WOLF,Wolfspeed Inc. Common Stock,$103.36,-0.87,-0.835%,12837519444.0,United States,,2320779,Technology,Semiconductors
IRM,Iron Mountain Incorporated (Delaware)Common Stock REIT,$43.97,0.16,0.365%,12781416196.0,United States,,1509719,Real Estate,Real Estate Investment Trusts
LSXMB,Liberty Media Corporation Series B Liberty SiriusXM Common Stock,$39.095,-0.105,-0.268%,12772477086.0,United States,,278,Consumer Discretionary,Broadcasting
AKAM,Akamai Technologies Inc. Common Stock,$80.32,-0.18,-0.224%,12767437726.0,United States,1999.0,1596489,Consumer Discretionary,Business Services
FCNCA,First Citizens BancShares Inc. Class A Common Stock,$797.43,6.67,0.843%,12761025884.0,United States,,126438,Finance,Major Banks
CPT,Camden Property Trust Common Stock,$119.45,1.23,1.04%,12724778678.0,United States,1993.0,1310664,Real Estate,Real Estate Investment Trusts
CRBG,Corebridge Financial Inc. Common Stock,$19.69,0.13,0.665%,12700050000.0,,2022.0,4030493,Finance,Finance Companies
ETSY,Etsy Inc. Common Stock,$100.13,-1.39,-1.369%,12677348857.0,United States,2015.0,2848338,Consumer Discretionary,Catalog/Specialty Distribution
TWLO,Twilio Inc. Class A Common Stock,$69.14,-1.45,-2.054%,12661295342.0,United States,2016.0,2452664,Industrials,Industrial Machinery/Components
POOL,Pool Corporation Common Stock,$318.21,2.43,0.77%,12598134372.0,United States,1995.0,527840,Industrials,Industrial Machinery/Components
VIV,Telefonica Brasil S.A. American Depositary Shares (Each representing One Common Share),$7.52,0.02,0.267%,12550760214.0,Brazil,2020.0,1009665,Telecommunications,Telecommunications Equipment
BG,Bunge Limited Bunge Limited,$82.57,0.33,0.401%,12542231732.0,United States,2001.0,1051499,,
LSXMA,Liberty Media Corporation Series A Liberty SiriusXM Common Stock,$38.07,0.29,0.768%,12437605900.0,United States,,669084,Consumer Discretionary,Broadcasting
BIO,Bio-Rad Laboratories Inc. Class A Common Stock,$417.14,-1.1,-0.263%,12388049773.0,United States,1980.0,263397,Industrials,Biotechnology: Laboratory Analytical Instruments
PEAK,Healthpeak Properties Inc. Common Stock,$22.92,0.34,1.506%,12367206559.0,United States,,8191598,Real Estate,Real Estate Investment Trusts
ENTG,Entegris Inc. Common Stock,$83.02,-4.83,-5.498%,12367010126.0,United States,2000.0,2193848,Technology,Semiconductors
PARA,Paramount Global Class B Common Stock,$19.04,0.09,0.475%,12359376195.0,United States,,9135428,Consumer Discretionary,Movies/Entertainment
TXT,Textron Inc. Common Stock,$58.26,-0.79,-1.338%,12323830259.0,United States,,2149109,Industrials,Aerospace
LSXMK,Liberty Media Corporation Series C Liberty SiriusXM Common Stock,$37.71,0.28,0.748%,12319992605.0,United States,,1010994,Consumer Discretionary,Broadcasting
FHN,First Horizon Corporation Common Stock,$22.90,-0.22,-0.952%,12288357367.0,United States,,4400613,Finance,Major Banks
PTC,PTC Inc. Common Stock,$104.60,-1.07,-1.013%,12286983243.0,United States,,559740,Technology,Computer Software: Prepackaged Software
KOF,Coca Cola Femsa S.A.B. de C.V.  American Depositary Shares each representing 10 Units (each Unit consists of 3 Series B Shares and 5 Series L Shares),$58.39,0.44,0.759%,12266759566.0,Mexico,1993.0,230054,Consumer Staples,Beverages (Production/Distribution)
SPLK,Splunk Inc. Common Stock,$75.20,-2.6,-3.342%,12235040000.0,United States,2012.0,2518474,Technology,Computer Software: Prepackaged Software
FWONA,Liberty Media Corporation Series A Liberty Formula One Common Stock,$52.52,0.87,1.684%,12230835174.0,United States,,164349,Consumer Discretionary,Movies/Entertainment
BAH,Booz Allen Hamilton Holding Corporation Common Stock,$92.35,0.17,0.184%,12220474362.0,United States,2010.0,1027804,Consumer Discretionary,Professional Services
SSNC,SS&C Technologies Holdings Inc. Common Stock,$47.75,-0.75,-1.546%,12177508260.0,United States,2010.0,1792643,Technology,EDP Services
PLUG,Plug Power Inc. Common Stock,$21.01,-0.03,-0.143%,12170612711.0,United States,1999.0,13012777,Consumer Discretionary,Electrical Products
SJR,Shaw Communications Inc. Common Stock,$24.32,-0.29,-1.178%,12145436479.0,Canada,,330574,Telecommunications,Cable & Other Pay Television Services
NDSN,Nordson Corporation Common Stock,$212.27,-1.49,-0.697%,12144114440.0,United States,,213876,Industrials,Industrial Machinery/Components
HUBB,Hubbell Inc Common Stock,$223.00,2.67,1.212%,11970139811.0,United States,2015.0,670001,Technology,Industrial Machinery/Components
NICE,NICE Ltd American Depositary Shares,$188.24,-4.03,-2.096%,11959195161.0,Israel,,177721,Technology,Computer Manufacturing
WMG,Warner Music Group Corp. Class A Common Stock,$23.21,0.08,0.346%,11949652555.0,United States,2020.0,1599580,Consumer Discretionary,Movies/Entertainment
LDOS,Leidos Holdings Inc. Common Stock,$87.47,-0.63,-0.715%,11943209518.0,United States,,804770,Technology,EDP Services
CHRW,C.H. Robinson Worldwide Inc. Common Stock,$96.31,-2.42,-2.451%,11931200527.0,United States,1997.0,1432633,Consumer Discretionary,Oil Refining/Marketing
L,Loews Corporation Common Stock,$49.84,-0.93,-1.832%,11896650007.0,United States,,1318142,Finance,Property-Casualty Insurers
SHG,Shinhan Financial Group Co Ltd American Depositary Shares,$23.00,-0.75,-3.158%,11797338917.0,South Korea,,238392,Finance,Major Banks
TER,Teradyne Inc. Common Stock,$75.15,-2.02,-2.618%,11782143252.0,United States,,1744759,Industrials,Electrical Products
BXP,Boston Properties Inc. Common Stock,$74.97,0.29,0.388%,11750398960.0,United States,1997.0,2507467,Real Estate,Real Estate Investment Trusts
KB,KB Financial Group Inc,$30.14,-0.66,-2.143%,11743578857.0,South Korea,,354711,Finance,Commercial Banks
OVV,Ovintiv Inc. (DE),$46.00,0.48,1.054%,11697682332.0,Canada,,4499566,Energy,Oil & Gas Production
ELS,Equity Lifestyle Properties Inc. Common Stock,$62.84,0.55,0.883%,11693158173.0,United States,,1792139,Real Estate,Real Estate Investment Trusts
MGM,MGM Resorts International Common Stock,$29.72,-0.27,-0.90%,11682995809.0,United States,,5429542,Consumer Discretionary,Hotels/Resorts
ERIE,Erie Indemnity Company Class A Common Stock,$222.31,2.36,1.073%,11624560555.0,United States,,72193,Finance,Specialty Insurers
VFC,V.F. Corporation Common Stock,$29.91,-0.84,-2.732%,11619870854.0,United States,,8450952,Consumer Discretionary,Apparel
TW,Tradeweb Markets Inc. Class A Common Stock,$56.42,-1.26,-2.184%,11533324381.0,United States,2019.0,1090130,Finance,Investment Bankers/Brokers/Service
IP,International Paper Company Common Stock,$31.70,-0.39,-1.215%,11475934050.0,United States,,4340376,Industrials,Containers/Packaging
LBRDA,Liberty Broadband Corporation Class A Common Stock,$74.60,-2.27,-2.953%,11472337352.0,United States,,314956,Consumer Discretionary,Telecommunications Equipment
TRU,TransUnion Common Stock,$59.49,-0.17,-0.285%,11451825000.0,United States,2015.0,1919238,Finance,Advertising
AMH,American Homes 4 Rent Common Shares of Beneficial Interest,$32.81,0.11,0.336%,11430025015.0,,2013.0,3075252,Real Estate,Real Estate Investment Trusts
DINO,HF Sinclair Corporation Common Stock,$53.84,0.3,0.56%,11400164675.0,United States,1960.0,2035225,Energy,Integrated oil Companies
KIM,Kimco Realty Corporation Common Stock,$18.41,0.33,1.825%,11386253399.0,United States,,6299918,Real Estate,Real Estate Investment Trusts
CHK,Chesapeake Energy Corporation Common Stock,$94.21,0.37,0.394%,11385157911.0,United States,,1801466,Energy,Oil & Gas Production
GNRC,Generac Holdlings Inc. Common Stock,$178.14,3.98,2.285%,11370839733.0,United States,2010.0,2125844,Consumer Discretionary,Metal Fabrications
GLPI,Gaming and Leisure Properties Inc. Common Stock,$44.24,0.67,1.538%,11353047795.0,United States,,2424605,Real Estate,Real Estate Investment Trusts
HST,Host Hotels & Resorts Inc. Common Stock,$15.88,0.09,0.57%,11352494821.0,United States,,9355532,Real Estate,Real Estate Investment Trusts
LBRDK,Liberty Broadband Corporation Class C Common Stock,$73.80,-2.42,-3.175%,11349309605.0,United States,,1768051,Consumer Discretionary,Telecommunications Equipment
Y,Alleghany Corporation Common Stock,$839.37,-1.25,-0.149%,11294104424.0,United States,,154135,Finance,Property-Casualty Insurers
ABMD,ABIOMED Inc. Common Stock,$245.66,-3.3,-1.326%,11167920763.0,United States,,427177,Health Care,Medical/Dental Instruments
APA,APA Corporation Common Stock,$34.19,-0.76,-2.175%,11164069316.0,United States,,7703756,Energy,Oil & Gas Production
TECH,Bio-Techne Corp Common Stock,$284.00,-1.63,-0.571%,11139229476.0,United States,,221143,Health Care,Biotechnology: Biological Products (No Diagnostic Substances)
DPZ,Domino's Pizza Inc Common Stock,$310.20,-6.15,-1.944%,11131559571.0,United States,2004.0,589547,Consumer Discretionary,Food Distributors
LW,Lamb Weston Holdings Inc. Common Stock ,$77.38,-0.7,-0.897%,11121233431.0,,2016.0,1761780,Consumer Staples,Specialty Foods
WLK,Westlake Corporation Common Stock,$86.88,1.61,1.888%,11117271402.0,United States,2004.0,959294,Industrials,Major Chemicals
SWK,Stanley Black & Decker Inc. Common Stock,$75.21,-2.0,-2.59%,11117226694.0,United States,,1893161,Consumer Discretionary,Diversified Manufacture
PKX,POSCO Holdings Inc. American Depositary Shares (Each representing 1/4th of a share of Common Stock),$36.61,-1.39,-3.658%,11107353480.0,South Korea,1994.0,386578,Industrials,Steel/Iron Ore
GDDY,GoDaddy Inc. Class A Common Stock,$70.88,-1.21,-1.678%,11105467839.0,United States,2015.0,945404,Technology,EDP Services
STX,Seagate Technology Holdings PLC Ordinary Shares (Ireland),$53.23,-1.15,-2.115%,11009289374.0,Ireland,2002.0,2632567,Technology,Electronic Components
ARES,Ares Management Corporation Class A Common Stock,$61.95,-0.5,-0.801%,10870129293.0,,2014.0,1419177,Finance,Investment Managers
WTRG,Essential Utilities Inc. Common Stock,$41.38,-0.95,-2.244%,10848626173.0,United States,,1707287,Utilities,Water Supply
BHVN,Biohaven Pharmaceutical Holding Company Ltd. Common Shares,$151.17,-0.36,-0.238%,10830578127.0,United States,2017.0,1940029,Health Care,Biotechnology: Pharmaceutical Preparations
SUZ,Suzano S.A. American Depositary Shares (each representing One Ordinary Share),$8.25,0.25,3.125%,10821247924.0,,2018.0,1944144,Basic Materials,Paper
HTHT,H World Group Limited American Depositary Shares,$33.54,-1.3,-3.731%,10793802988.0,China,2010.0,1178019,Consumer Discretionary,Hotels/Resorts
RPM,RPM International Inc. Common Stock,$83.31,-0.71,-0.845%,10750078552.0,United States,,834999,Consumer Discretionary,Paints/Coatings
DOCU,DocuSign Inc. Common Stock,$53.47,-1.73,-3.134%,10735666444.0,United States,2018.0,4578965,Technology,EDP Services
SNA,Snap-On Incorporated Common Stock,$201.35,-1.41,-0.695%,10725489450.0,United States,,416852,Consumer Discretionary,Diversified Manufacture
BEN,Franklin Resources Inc. Common Stock,$21.52,-0.68,-3.063%,10724645029.0,United States,,4251322,Finance,Investment Managers
ASX,ASE Technology Holding Co. Ltd. American Depositary Shares (each representing Two Common Shares) ,$4.99,-0.02,-0.399%,10687173883.0,,2018.0,9138769,Technology,Semiconductors
PSNY,Polestar Automotive Holding UK PLC Class A ADS,$5.06,-0.06,-1.172%,10671716073.0,Sweden,,2033573,Consumer Discretionary,Auto Manufacturing
XP,XP Inc. Class A Common Stock,$19.01,0.67,3.653%,10645935146.0,Brazil,2019.0,2472293,Finance,Investment Bankers/Brokers/Service
UAL,United Airlines Holdings Inc. Common Stock,$32.53,-0.38,-1.155%,10629005026.0,United States,,9130148,Consumer Discretionary,Air Freight/Delivery Services
DAR,Darling Ingredients Inc. Common Stock,$66.15,-0.21,-0.316%,10608586037.0,United States,1997.0,1606244,Consumer Staples,Farming/Seeds/Milling
CCJ,Cameco Corporation Common Stock,$26.51,-0.43,-1.596%,10562560549.0,Canada,1996.0,5510354,,
MAS,Masco Corporation Common Stock,$46.69,-0.59,-1.248%,10529513065.0,United States,,2564552,Industrials,Building Products
ICL,ICL Group Ltd. Ordinary Shares,$8.18,-0.05,-0.608%,10528894706.0,Israel,2014.0,838239,Industrials,Agricultural Chemicals
PKG,Packaging Corporation of America Common Stock,$112.29,-1.93,-1.69%,10526056627.0,United States,2000.0,1133420,Basic Materials,Paper
RS,Reliance Steel & Aluminum Co. Common Stock (DE),$174.41,0.04,0.023%,10515899388.0,United States,1994.0,498048,Industrials,Steel/Iron Ore
KMX,CarMax Inc,$66.02,0.86,1.32%,10508138792.0,United States,,5556732,Consumer Discretionary,Other Specialty Stores
AFG,American Financial Group Inc. Common Stock,$122.93,-0.33,-0.268%,10469001908.0,United States,,448202,Finance,Property-Casualty Insurers
AER,AerCap Holdings N.V. Ordinary Shares,$42.33,-0.71,-1.65%,10406760952.0,Netherlands,2006.0,934922,Consumer Discretionary,Diversified Commercial Services
FICO,Fair Isaac Corproation Common Stock,$412.01,-12.83,-3.02%,10404288293.0,United States,,232497,Technology,Computer Software: Prepackaged Software
TAP,Molson Coors Beverage Company Class B Common Stock,$47.99,-0.18,-0.374%,10401093694.0,Canada,,1416803,Consumer Staples,Beverages (Production/Distribution)
WMS,Advanced Drainage Systems Inc. Common Stock,$124.37,1.39,1.13%,10393746537.0,United States,2014.0,566442,Industrials,Building Products
RGEN,Repligen Corporation Common Stock,$187.11,-3.95,-2.067%,10382958245.0,United States,1986.0,447514,Health Care,Medical/Dental Instruments
RE,Everest Re Group Ltd. Common Stock,$262.44,-5.06,-1.892%,10342880073.0,Bermuda,,430071,Finance,Property-Casualty Insurers
VTRS,Viatris Inc. Common Stock,$8.52,-0.08,-0.93%,10331189609.0,United States,,8197354,Health Care, Medicinal Chemicals and Botanical Products 
WDC,Western Digital Corporation Common Stock,$32.55,0.37,1.15%,10236732210.0,United States,,6523615,Technology,Electronic Components
CS,Credit Suisse Group American Depositary Shares,$3.92,0.0,0.00%,10234176225.0,Switzerland,,15094857,Finance,Investment Bankers/Brokers/Service
XPEV,XPeng Inc. American depositary shares each representing two Class A ordinary shares,$11.95,-0.16,-1.321%,10228489895.0,China,2020.0,21160282,Consumer Discretionary,Auto Manufacturing
NI,NiSource Inc Common Stock,$25.19,-0.78,-3.003%,10225956045.0,United States,,4781982,Utilities,Power Generation
NBIX,Neurocrine Biosciences Inc. Common Stock,$106.21,3.45,3.357%,10157852283.0,United States,1996.0,1029547,Health Care,Biotechnology: Biological Products (No Diagnostic Substances)
GGG,Graco Inc. Common Stock,$59.95,-0.31,-0.514%,10138477882.0,United States,,953447,Industrials,Fluid Controls
GRAB,Grab Holdings Limited Class A Ordinary Shares,$2.63,0.07,2.734%,10128992317.0,Singapore,,12303065,Consumer Discretionary,Business Services
SNN,Smith & Nephew SNATS Inc. Common Stock,$23.22,0.37,1.619%,10108771365.0,United Kingdom,,2502915,Health Care,Industrial Specialties
BKI,Black Knight Inc. Common Stock ,$64.73,-0.92,-1.401%,10100501112.0,,2017.0,870842,Technology,Computer Software: Prepackaged Software
WSO,Watsco Inc. Common Stock,$257.46,1.43,0.559%,10038954726.0,United States,,328754,Consumer Discretionary,Wholesale Distributors
IPG,Interpublic Group of Companies Inc. (The) Common Stock,$25.60,-0.05,-0.195%,10010323098.0,United States,,4041342,Consumer Discretionary,Advertising
CRL,Charles River Laboratories International Inc. Common Stock,$196.80,6.79,3.573%,10009898818.0,United States,2000.0,1570536,Consumer Discretionary,EDP Services
FNF,FNF Group of Fidelity National Financial Inc. Common Stock,$36.20,-0.06,-0.165%,10002682242.0,United States,2014.0,2071124,Finance,Specialty Insurers
DT,Dynatrace Inc. Common Stock,$34.81,0.21,0.607%,10002295444.0,United States,2019.0,2384990,Technology,EDP Services
